/*
 Navicat Premium Data Transfer

 Source Server         : 116.214.56.170
 Source Server Type    : Oracle
 Source Server Version : 110200
 Source Host           : 116.214.56.170:1521
 Source Schema         : CDM

 Target Server Type    : Oracle
 Target Server Version : 110200
 File Encoding         : 65001

 Date: 10/12/2019 17:38:04
*/


-- ----------------------------
-- Table structure for FLIGHT_ALLOW_RATE
-- ----------------------------
DROP TABLE "CDM"."FLIGHT_ALLOW_RATE";
CREATE TABLE "CDM"."FLIGHT_ALLOW_RATE" (
  "ID" VARCHAR2(36 BYTE) NOT NULL ,
  "YEAR_MONTH" NUMBER(6) ,
  "AIRPORT" VARCHAR2(4 BYTE) ,
  "ALLOW_RATE" NUMBER(4,2) ,
  "CREATE_TIME" DATE ,
  "UPDATE_TIME" DATE 
)
TABLESPACE "USERS"
LOGGING
NOCOMPRESS
PCTFREE 10
INITRANS 1
STORAGE (
  BUFFER_POOL DEFAULT
)
PARALLEL 1
NOCACHE
DISABLE ROW MOVEMENT
;

-- ----------------------------
-- Table structure for FLIGHT_CASE_EXCEL_ORIG
-- ----------------------------
DROP TABLE "CDM"."FLIGHT_CASE_EXCEL_ORIG";
CREATE TABLE "CDM"."FLIGHT_CASE_EXCEL_ORIG" (
  "ID" VARCHAR2(255 CHAR) NOT NULL ,
  "ADEP" VARCHAR2(255 CHAR) ,
  "ADES" VARCHAR2(255 CHAR) ,
  "ATOT" DATE ,
  "CTO" DATE ,
  "CTOT" DATE ,
  "EOBT" DATE ,
  "ETO" DATE ,
  "FIX" VARCHAR2(255 CHAR) ,
  "FLIGHT_NUMBER" VARCHAR2(255 CHAR) ,
  "FLOW_CONTROL" VARCHAR2(255 CHAR) ,
  "REASON" VARCHAR2(255 CHAR) ,
  "SOBT" DATE ,
  "TOBT" DATE ,
  "TTOT" DATE ,
  "CREATE_TIME" DATE ,
  "UPDATE_TIME" DATE ,
  "FLOW_CONTROL_NAME" VARCHAR2(255 BYTE) ,
  "CYCLE_DATE" DATE ,
  "PRE_DELAY" NUMBER(10) ,
  "RECKON_DELAY" NUMBER(10) ,
  "REAL_DELAY" NUMBER(10) ,
  "KARPI_TIME" DATE 
)
TABLESPACE "USERS"
LOGGING
NOCOMPRESS
PCTFREE 10
INITRANS 1
STORAGE (
  INITIAL 65536 
  NEXT 1048576 
  MINEXTENTS 1
  MAXEXTENTS 2147483645
  BUFFER_POOL DEFAULT
)
PARALLEL 1
NOCACHE
DISABLE ROW MOVEMENT
;

-- ----------------------------
-- Table structure for FLIGHT_DELAY_COUNT
-- ----------------------------
DROP TABLE "CDM"."FLIGHT_DELAY_COUNT";
CREATE TABLE "CDM"."FLIGHT_DELAY_COUNT" (
  "ID" VARCHAR2(36 BYTE) NOT NULL ,
  "ADEP" VARCHAR2(128 BYTE) ,
  "FLIGHT_TOTAL" NUMBER(10) ,
  "PRE_DELAY" NUMBER(10) ,
  "RECKON_DELAY" NUMBER(10) ,
  "REAL_DELAY" NUMBER(10) ,
  "RECKON_REAL" NUMBER(10) ,
  "RECKONNO_REAL" NUMBER(10) ,
  "RECKON_REALNO" NUMBER ,
  "GT0LTE30MIN" NUMBER(10) ,
  "GT30LTE60MIN" NUMBER(10) ,
  "GT60LTE120MIN" NUMBER(10) ,
  "GT120MIN" NUMBER(10) ,
  "GT0MIN" NUMBER(10) ,
  "CYCLE_TIME" DATE ,
  "CYCLE_YEAR_MONTH" NUMBER(6) ,
  "CYCLE_YEAR" NUMBER(4) ,
  "CYCLE_MONTH" NUMBER(2) ,
  "CYCLE_DAY" NUMBER(2) ,
  "CYCLE_QUARTER" NUMBER(1) ,
  "CREATE_TIME" DATE ,
  "UPDATE_TIME" DATE 
)
TABLESPACE "USERS"
LOGGING
NOCOMPRESS
PCTFREE 10
INITRANS 1
STORAGE (
  INITIAL 65536 
  NEXT 1048576 
  MINEXTENTS 1
  MAXEXTENTS 2147483645
  BUFFER_POOL DEFAULT
)
PARALLEL 1
NOCACHE
DISABLE ROW MOVEMENT
;
COMMENT ON COLUMN "CDM"."FLIGHT_DELAY_COUNT"."ID" IS '主键UUID';
COMMENT ON COLUMN "CDM"."FLIGHT_DELAY_COUNT"."ADEP" IS '起飞机场';
COMMENT ON COLUMN "CDM"."FLIGHT_DELAY_COUNT"."FLIGHT_TOTAL" IS '航班总数';
COMMENT ON COLUMN "CDM"."FLIGHT_DELAY_COUNT"."PRE_DELAY" IS '前序延误总数';
COMMENT ON COLUMN "CDM"."FLIGHT_DELAY_COUNT"."RECKON_DELAY" IS '放行时间延误总数';
COMMENT ON COLUMN "CDM"."FLIGHT_DELAY_COUNT"."REAL_DELAY" IS '实际延误总数';
COMMENT ON COLUMN "CDM"."FLIGHT_DELAY_COUNT"."RECKON_REAL" IS '放行延误且实际延误总数';
COMMENT ON COLUMN "CDM"."FLIGHT_DELAY_COUNT"."RECKONNO_REAL" IS '放行未延误而实际延误总数';
COMMENT ON COLUMN "CDM"."FLIGHT_DELAY_COUNT"."RECKON_REALNO" IS '放行延误而实际未延误总数';
COMMENT ON COLUMN "CDM"."FLIGHT_DELAY_COUNT"."GT0LTE30MIN" IS '实际延误(0,30]分钟';
COMMENT ON COLUMN "CDM"."FLIGHT_DELAY_COUNT"."GT30LTE60MIN" IS '实际延误(30,60]分钟';
COMMENT ON COLUMN "CDM"."FLIGHT_DELAY_COUNT"."GT60LTE120MIN" IS '实际延误(60-120]分钟';
COMMENT ON COLUMN "CDM"."FLIGHT_DELAY_COUNT"."GT120MIN" IS '实际延误>120分钟';
COMMENT ON COLUMN "CDM"."FLIGHT_DELAY_COUNT"."GT0MIN" IS '实际延误>0分钟';
COMMENT ON COLUMN "CDM"."FLIGHT_DELAY_COUNT"."CYCLE_TIME" IS '所属日期';

-- ----------------------------
-- Table structure for FLIGHT_DELAY_EXCEL_COUNT
-- ----------------------------
DROP TABLE "CDM"."FLIGHT_DELAY_EXCEL_COUNT";
CREATE TABLE "CDM"."FLIGHT_DELAY_EXCEL_COUNT" (
  "ID" VARCHAR2(36 BYTE) NOT NULL ,
  "ADEP" VARCHAR2(128 BYTE) ,
  "FLIGHT_TOTAL" NUMBER(10) ,
  "PRE_DELAY" NUMBER(10) ,
  "RECKON_DELAY" NUMBER(10) ,
  "REAL_DELAY" NUMBER(10) ,
  "CYCLE_YEARMONTH" NUMBER(6) ,
  "CREATE_TIME" DATE ,
  "UPDATE_TIME" DATE 
)
TABLESPACE "USERS"
LOGGING
NOCOMPRESS
PCTFREE 10
INITRANS 1
STORAGE (
  INITIAL 65536 
  NEXT 1048576 
  MINEXTENTS 1
  MAXEXTENTS 2147483645
  BUFFER_POOL DEFAULT
)
PARALLEL 1
NOCACHE
DISABLE ROW MOVEMENT
;
COMMENT ON COLUMN "CDM"."FLIGHT_DELAY_EXCEL_COUNT"."ID" IS '主键UUID';
COMMENT ON COLUMN "CDM"."FLIGHT_DELAY_EXCEL_COUNT"."ADEP" IS '起飞机场';
COMMENT ON COLUMN "CDM"."FLIGHT_DELAY_EXCEL_COUNT"."FLIGHT_TOTAL" IS '航班总数';
COMMENT ON COLUMN "CDM"."FLIGHT_DELAY_EXCEL_COUNT"."PRE_DELAY" IS '前序延误总数';
COMMENT ON COLUMN "CDM"."FLIGHT_DELAY_EXCEL_COUNT"."RECKON_DELAY" IS '放行时间延误总数';
COMMENT ON COLUMN "CDM"."FLIGHT_DELAY_EXCEL_COUNT"."REAL_DELAY" IS '实际延误总数';

-- ----------------------------
-- Table structure for FLIGHT_FLOW_EXCEL_COUNT
-- ----------------------------
DROP TABLE "CDM"."FLIGHT_FLOW_EXCEL_COUNT";
CREATE TABLE "CDM"."FLIGHT_FLOW_EXCEL_COUNT" (
  "ID" VARCHAR2(36 BYTE) NOT NULL ,
  "ADEP" VARCHAR2(4 BYTE) ,
  "ADEP_CN" VARCHAR2(10 BYTE) ,
  "FLOW_CONTROL_NAME" VARCHAR2(128 BYTE) ,
  "FLOW_CONTROL_TOTAL" NUMBER(10) ,
  "FLOW_DELAY_TOTAL" NUMBER(10) ,
  "REAL_DELAY_TOTAL" NUMBER(10) ,
  "CYCLE_DATE" DATE ,
  "CYCLE_YEAR_MONTH" NUMBER(10) ,
  "CREATE_TIME" DATE ,
  "UPDATE_TIME" DATE 
)
TABLESPACE "USERS"
LOGGING
NOCOMPRESS
PCTFREE 10
INITRANS 1
STORAGE (
  INITIAL 65536 
  NEXT 1048576 
  MINEXTENTS 1
  MAXEXTENTS 2147483645
  BUFFER_POOL DEFAULT
)
PARALLEL 1
NOCACHE
DISABLE ROW MOVEMENT
;

-- ----------------------------
-- Table structure for FLIGHT_FLOW_EXCEL_ORIG
-- ----------------------------
DROP TABLE "CDM"."FLIGHT_FLOW_EXCEL_ORIG";
CREATE TABLE "CDM"."FLIGHT_FLOW_EXCEL_ORIG" (
  "ID" VARCHAR2(255 CHAR) NOT NULL ,
  "ADEP" VARCHAR2(255 CHAR) ,
  "ADES" VARCHAR2(255 CHAR) ,
  "ATOT" DATE ,
  "CTO" DATE ,
  "CTOT" DATE ,
  "EOBT" DATE ,
  "ETO" DATE ,
  "FIX" VARCHAR2(255 CHAR) ,
  "FLIGHT_NUMBER" VARCHAR2(255 CHAR) ,
  "FLOW_CONTROL" VARCHAR2(255 CHAR) ,
  "REASON" VARCHAR2(255 CHAR) ,
  "SOBT" DATE ,
  "TOBT" DATE ,
  "TTOT" DATE ,
  "CREATE_TIME" DATE ,
  "UPDATE_TIME" DATE ,
  "FLOW_CONTROL_NAME" VARCHAR2(255 BYTE) ,
  "CYCLE_YEAR_MONTH" NUMBER(10) ,
  "PRE_DELAY" NUMBER(10) ,
  "RECKON_DELAY" NUMBER(10) ,
  "REAL_DELAY" NUMBER(10) 
)
TABLESPACE "USERS"
LOGGING
NOCOMPRESS
PCTFREE 10
INITRANS 1
STORAGE (
  INITIAL 65536 
  NEXT 1048576 
  MINEXTENTS 1
  MAXEXTENTS 2147483645
  BUFFER_POOL DEFAULT
)
PARALLEL 1
NOCACHE
DISABLE ROW MOVEMENT
;

-- ----------------------------
-- Table structure for FLIGHT_GLOBAL_DICT
-- ----------------------------
DROP TABLE "CDM"."FLIGHT_GLOBAL_DICT";
CREATE TABLE "CDM"."FLIGHT_GLOBAL_DICT" (
  "ID" NUMBER(10) NOT NULL ,
  "TYPE" VARCHAR2(128 BYTE) ,
  "NAME" VARCHAR2(128 BYTE) ,
  "VALUE" VARCHAR2(128 BYTE) ,
  "ENABLE" NUMBER(1) ,
  "SORTED" NUMBER(5) ,
  "PID" NUMBER(10) ,
  "CREATE_TIME" DATE ,
  "UPDATE_TIME" DATE 
)
TABLESPACE "USERS"
LOGGING
NOCOMPRESS
PCTFREE 10
INITRANS 1
STORAGE (
  INITIAL 65536 
  NEXT 1048576 
  MINEXTENTS 1
  MAXEXTENTS 2147483645
  BUFFER_POOL DEFAULT
)
PARALLEL 1
NOCACHE
DISABLE ROW MOVEMENT
;

-- ----------------------------
-- Records of FLIGHT_GLOBAL_DICT
-- ----------------------------
INSERT INTO "CDM"."FLIGHT_GLOBAL_DICT" VALUES ('1', 'icao', '机场名称', '机场代码', '1', '13', '0', TO_DATE('2019-11-15 14:59:00', 'SYYYY-MM-DD HH24:MI:SS'), TO_DATE('2019-11-15 14:59:00', 'SYYYY-MM-DD HH24:MI:SS'));
INSERT INTO "CDM"."FLIGHT_GLOBAL_DICT" VALUES ('2', 'icao', '沈阳', 'ZYTX', '1', '14', '1', TO_DATE('2019-11-15 14:59:00', 'SYYYY-MM-DD HH24:MI:SS'), TO_DATE('2019-11-15 14:59:00', 'SYYYY-MM-DD HH24:MI:SS'));
INSERT INTO "CDM"."FLIGHT_GLOBAL_DICT" VALUES ('3', 'icao', '长春', 'ZYCC', '1', '15', '1', TO_DATE('2019-11-15 14:59:00', 'SYYYY-MM-DD HH24:MI:SS'), TO_DATE('2019-11-15 14:59:00', 'SYYYY-MM-DD HH24:MI:SS'));
INSERT INTO "CDM"."FLIGHT_GLOBAL_DICT" VALUES ('4', 'icao', '哈尔滨', 'ZYHB', '1', '16', '1', TO_DATE('2019-11-15 14:59:00', 'SYYYY-MM-DD HH24:MI:SS'), TO_DATE('2019-11-15 14:59:00', 'SYYYY-MM-DD HH24:MI:SS'));
INSERT INTO "CDM"."FLIGHT_GLOBAL_DICT" VALUES ('5', 'icao', '大连', 'ZYTL', '1', '17', '1', TO_DATE('2019-11-15 14:59:00', 'SYYYY-MM-DD HH24:MI:SS'), TO_DATE('2019-11-15 14:59:00', 'SYYYY-MM-DD HH24:MI:SS'));
INSERT INTO "CDM"."FLIGHT_GLOBAL_DICT" VALUES ('6', 'area', '区域代码', 'DBQY', '1', '18', '-1', TO_DATE('2019-11-15 14:59:00', 'SYYYY-MM-DD HH24:MI:SS'), TO_DATE('2019-11-15 14:59:00', 'SYYYY-MM-DD HH24:MI:SS'));
COMMIT;

-- ----------------------------
-- Table structure for FLIGHT_NORMAL_RATE
-- ----------------------------
DROP TABLE "CDM"."FLIGHT_NORMAL_RATE";
CREATE TABLE "CDM"."FLIGHT_NORMAL_RATE" (
  "ID" VARCHAR2(255 BYTE) NOT NULL ,
  "ADEP" VARCHAR2(128 BYTE) ,
  "YEAR" NUMBER(5) ,
  "JAN" NUMBER(5,2) ,
  "FEB" NUMBER(5,2) ,
  "MAR" NUMBER(5,2) ,
  "APR" NUMBER(5,2) ,
  "MAY" NUMBER(5,2) ,
  "JUN" NUMBER(5,2) ,
  "JUL" NUMBER(5,2) ,
  "AUG" NUMBER(5,2) ,
  "SEP" NUMBER(5,2) ,
  "OCT" NUMBER(5,2) ,
  "NOV" NUMBER(5,2) ,
  "DEC" NUMBER(5,2) ,
  "MARKING_LINE" NUMBER(5,2) ,
  "CREATE_TIME" DATE ,
  "UPDATE_TIME" DATE 
)
TABLESPACE "USERS"
LOGGING
NOCOMPRESS
PCTFREE 10
INITRANS 1
STORAGE (
  INITIAL 65536 
  NEXT 1048576 
  MINEXTENTS 1
  MAXEXTENTS 2147483645
  BUFFER_POOL DEFAULT
)
PARALLEL 1
NOCACHE
DISABLE ROW MOVEMENT
;
COMMENT ON COLUMN "CDM"."FLIGHT_NORMAL_RATE"."ADEP" IS '机场';
COMMENT ON COLUMN "CDM"."FLIGHT_NORMAL_RATE"."YEAR" IS '年份';
COMMENT ON COLUMN "CDM"."FLIGHT_NORMAL_RATE"."JAN" IS '1月';
COMMENT ON COLUMN "CDM"."FLIGHT_NORMAL_RATE"."FEB" IS '2月';
COMMENT ON COLUMN "CDM"."FLIGHT_NORMAL_RATE"."MAR" IS '3月';
COMMENT ON COLUMN "CDM"."FLIGHT_NORMAL_RATE"."APR" IS '4月';
COMMENT ON COLUMN "CDM"."FLIGHT_NORMAL_RATE"."MAY" IS '5月';
COMMENT ON COLUMN "CDM"."FLIGHT_NORMAL_RATE"."JUN" IS '6月';
COMMENT ON COLUMN "CDM"."FLIGHT_NORMAL_RATE"."JUL" IS '7月';
COMMENT ON COLUMN "CDM"."FLIGHT_NORMAL_RATE"."AUG" IS '8月';
COMMENT ON COLUMN "CDM"."FLIGHT_NORMAL_RATE"."SEP" IS '9月';
COMMENT ON COLUMN "CDM"."FLIGHT_NORMAL_RATE"."OCT" IS '10月';
COMMENT ON COLUMN "CDM"."FLIGHT_NORMAL_RATE"."NOV" IS '11月';
COMMENT ON COLUMN "CDM"."FLIGHT_NORMAL_RATE"."DEC" IS '12月';
COMMENT ON COLUMN "CDM"."FLIGHT_NORMAL_RATE"."MARKING_LINE" IS '达标线';
COMMENT ON COLUMN "CDM"."FLIGHT_NORMAL_RATE"."CREATE_TIME" IS '创建时间';
COMMENT ON COLUMN "CDM"."FLIGHT_NORMAL_RATE"."UPDATE_TIME" IS '更新时间';

-- ----------------------------
-- Records of FLIGHT_NORMAL_RATE
-- ----------------------------
INSERT INTO "CDM"."FLIGHT_NORMAL_RATE" VALUES ('3e3fd375a2640eb6c526980092a33fd0', 'ZYCC', '2019', '83.45', '82.07', '83.36', '76.88', '85.88', '88.56', '69.11', '72.88', '82.88', '79.34', '78.57', '81.21', '87.87', TO_DATE('2019-10-17 14:15:30', 'SYYYY-MM-DD HH24:MI:SS'), TO_DATE('2019-11-08 13:55:36', 'SYYYY-MM-DD HH24:MI:SS'));
INSERT INTO "CDM"."FLIGHT_NORMAL_RATE" VALUES ('6ae509a5f9f37c2b1e0e567565b234bb', 'ZYTL', '2019', '87.64', '90.56', '91.72', '87', '84', '66', '88', '77', '86', '90', '32', '77', '50', TO_DATE('2019-10-23 09:12:14', 'SYYYY-MM-DD HH24:MI:SS'), TO_DATE('2019-10-23 09:12:14', 'SYYYY-MM-DD HH24:MI:SS'));
INSERT INTO "CDM"."FLIGHT_NORMAL_RATE" VALUES ('6d7401939ad3b7f3df4c98930a59c625', 'ZYTX', '2019', '86.15', '80.33', '85.47', '76.94', '82.55', '81.6', '81.22', '78.85', '82.13', '81.42', '88.75', '77', '88.88', TO_DATE('2019-10-20 22:19:19', 'SYYYY-MM-DD HH24:MI:SS'), TO_DATE('2019-11-06 14:34:45', 'SYYYY-MM-DD HH24:MI:SS'));
INSERT INTO "CDM"."FLIGHT_NORMAL_RATE" VALUES ('1a85e8d1e2e2d9b6f3c876a9e7081dc9', 'ZYCC', '2018', '70.51', '75.29', '74.05', '80.29', '76.76', '73.13', '73.52', '64.14', '70.57', '79.61', '82.54', '82.28', NULL, TO_DATE('2019-10-23 14:15:56', 'SYYYY-MM-DD HH24:MI:SS'), TO_DATE('2019-10-23 14:15:56', 'SYYYY-MM-DD HH24:MI:SS'));
INSERT INTO "CDM"."FLIGHT_NORMAL_RATE" VALUES ('80a1773863622fbbd729c6709790f353', 'ZYTX', '2018', '74.56', '78.31', '74.32', '70.55', '71.57', '78.41', '67.69', '65.8', '70.27', '77.38', '82.47', '84.81', NULL, TO_DATE('2019-10-23 14:14:00', 'SYYYY-MM-DD HH24:MI:SS'), TO_DATE('2019-10-23 14:14:00', 'SYYYY-MM-DD HH24:MI:SS'));
INSERT INTO "CDM"."FLIGHT_NORMAL_RATE" VALUES ('aae222df919a5efb56101093b240f61d', 'ZYTL', '2018', '87.48', '88.43', '87.38', '83.9', '81.83', '80.95', '81.32', '79.31', '85.01', '87.16', '91.45', '85.11', NULL, TO_DATE('2019-10-23 14:18:27', 'SYYYY-MM-DD HH24:MI:SS'), TO_DATE('2019-10-23 14:18:27', 'SYYYY-MM-DD HH24:MI:SS'));
INSERT INTO "CDM"."FLIGHT_NORMAL_RATE" VALUES ('599b5d5979abf3b08adb06eaa90a4033', 'ZYHB', '2018', '76.82', '85.01', '82.93', '84.71', '80.05', '75.73', '74.78', '64.98', '74.7', '81.26', '84.91', '82.88', NULL, TO_DATE('2019-10-23 14:20:33', 'SYYYY-MM-DD HH24:MI:SS'), TO_DATE('2019-10-23 14:20:33', 'SYYYY-MM-DD HH24:MI:SS'));
INSERT INTO "CDM"."FLIGHT_NORMAL_RATE" VALUES ('6df0286088220d0bd0599db9a511d0b7', 'ZYHB', '2019', '85.12', '74.37', '80.3', '75.6', '77.9', '82.23', '85.12', '77.15', '76.18', '79.32', '75.89', '81.3', NULL, TO_DATE('2019-10-28 17:57:27', 'SYYYY-MM-DD HH24:MI:SS'), TO_DATE('2019-10-28 17:57:27', 'SYYYY-MM-DD HH24:MI:SS'));
COMMIT;

-- ----------------------------
-- Table structure for FLIGHT_STATICES_VIEW
-- ----------------------------
DROP TABLE "CDM"."FLIGHT_STATICES_VIEW";
CREATE TABLE "CDM"."FLIGHT_STATICES_VIEW" (
  "UUID" VARCHAR2(36 BYTE) NOT NULL ,
  "FLIGHT_NUMBER" VARCHAR2(10 BYTE) ,
  "DEP_AD" VARCHAR2(10 BYTE) ,
  "DEST_AD" VARCHAR2(10 BYTE) ,
  "ATOT" DATE ,
  "CTO" DATE ,
  "EOBT" DATE ,
  "ETO" DATE ,
  "CTOT" DATE ,
  "TTOT" DATE ,
  "SOBT" DATE ,
  "TOBT" DATE ,
  "FLOW_CONTROL" VARCHAR2(255 BYTE) ,
  "FIX" VARCHAR2(255 BYTE) ,
  "REASON" VARCHAR2(255 BYTE) ,
  "PRE_DELAY" NUMBER(10) ,
  "REL_DELAY" NUMBER(10) ,
  "DELAY_MIN_AC" NUMBER(10) ,
  "CREATE_TIME" DATE ,
  "UPDATE_TIME" DATE 
)
TABLESPACE "USERS"
LOGGING
NOCOMPRESS
PCTFREE 10
INITRANS 1
STORAGE (
  INITIAL 65536 
  NEXT 1048576 
  MINEXTENTS 1
  MAXEXTENTS 2147483645
  BUFFER_POOL DEFAULT
)
PARALLEL 1
NOCACHE
DISABLE ROW MOVEMENT
;

-- ----------------------------
-- Table structure for OAUTH_ACCESS_TOKEN
-- ----------------------------
DROP TABLE "CDM"."OAUTH_ACCESS_TOKEN";
CREATE TABLE "CDM"."OAUTH_ACCESS_TOKEN" (
  "AUTHENTICATION_ID" NVARCHAR2(128) NOT NULL ,
  "TOKEN_ID" NVARCHAR2(128) ,
  "TOKEN" BLOB ,
  "USER_NAME" NVARCHAR2(128) ,
  "CLIENT_ID" NVARCHAR2(128) ,
  "AUTHENTICATION" BLOB ,
  "REFRESH_TOKEN" NVARCHAR2(256) 
)
TABLESPACE "USERS"
LOGGING
NOCOMPRESS
PCTFREE 10
INITRANS 1
STORAGE (
  INITIAL 65536 
  NEXT 1048576 
  MINEXTENTS 1
  MAXEXTENTS 2147483645
  BUFFER_POOL DEFAULT
)
PARALLEL 1
NOCACHE
DISABLE ROW MOVEMENT
;

-- ----------------------------
-- Table structure for OAUTH_APPROVALS
-- ----------------------------
DROP TABLE "CDM"."OAUTH_APPROVALS";
CREATE TABLE "CDM"."OAUTH_APPROVALS" (
  "USERID" NVARCHAR2(128) ,
  "clientid" NVARCHAR2(128) ,
  "SCOPE" NVARCHAR2(256) ,
  "STATUS" NVARCHAR2(10) ,
  "EXPIRESAT" DATE NOT NULL ,
  "LASTMODIFIEDAT" DATE NOT NULL 
)
TABLESPACE "USERS"
LOGGING
NOCOMPRESS
PCTFREE 10
INITRANS 1
STORAGE (
  BUFFER_POOL DEFAULT
)
PARALLEL 1
NOCACHE
DISABLE ROW MOVEMENT
;

-- ----------------------------
-- Table structure for OAUTH_CLIENT_DETAILS
-- ----------------------------
DROP TABLE "CDM"."OAUTH_CLIENT_DETAILS";
CREATE TABLE "CDM"."OAUTH_CLIENT_DETAILS" (
  "CLIENT_ID" NVARCHAR2(128) NOT NULL ,
  "CLIENT_NAME" NVARCHAR2(128) ,
  "RESOURCE_IDS" NVARCHAR2(256) ,
  "CLIENT_SECRET" NVARCHAR2(256) ,
  "RAW_CLIENT_SECRET" NVARCHAR2(256) ,
  "SCOPE" NVARCHAR2(256) ,
  "AUTHORIZED_GRANT_TYPES" NVARCHAR2(256) ,
  "WEB_SERVER_REDIRECT_URI" NVARCHAR2(256) ,
  "AUTHORITIES" NVARCHAR2(256) ,
  "ACCESS_TOKEN_VALIDITY" NUMBER(11) ,
  "REFRESH_TOKEN_VALIDITY" NUMBER(11) ,
  "ADDITIONAL_INFORMATION" NCLOB ,
  "AUTOAPPROVE" NVARCHAR2(256) 
)
TABLESPACE "USERS"
LOGGING
NOCOMPRESS
PCTFREE 10
INITRANS 1
STORAGE (
  INITIAL 65536 
  NEXT 1048576 
  MINEXTENTS 1
  MAXEXTENTS 2147483645
  BUFFER_POOL DEFAULT
)
PARALLEL 1
NOCACHE
DISABLE ROW MOVEMENT
;
COMMENT ON TABLE "CDM"."OAUTH_CLIENT_DETAILS" IS '客户端';

-- ----------------------------
-- Records of OAUTH_CLIENT_DETAILS
-- ----------------------------
INSERT INTO "CDM"."OAUTH_CLIENT_DETAILS" VALUES ('397fd05f-3bfd-4205-a641-aaf0f8522744', '管理后台', 'easyweb', '$2a$10$OUkrfzhX8AwqSnTKFyoWKe9IPDkhkTDF/Bu39RvdAgoT7i3ID.3Ou', '2777e2f6-60a7-4a92-b02b-be92b52ab763', 'DEFAULT', 'password,refresh_token,client_credentials', 'urn:ietf:wg:oauth:2.0:oob', 'CLIENT', NULL, NULL, '{}', NULL);
COMMIT;

-- ----------------------------
-- Table structure for OAUTH_CLIENT_TOKEN
-- ----------------------------
DROP TABLE "CDM"."OAUTH_CLIENT_TOKEN";
CREATE TABLE "CDM"."OAUTH_CLIENT_TOKEN" (
  "AUTHENTICATION_ID" NVARCHAR2(128) NOT NULL ,
  "TOKEN_ID" NVARCHAR2(128) ,
  "TOKEN" BLOB ,
  "USER_NAME" NVARCHAR2(128) ,
  "CLIENT_ID" NVARCHAR2(128) 
)
TABLESPACE "USERS"
LOGGING
NOCOMPRESS
PCTFREE 10
INITRANS 1
STORAGE (
  BUFFER_POOL DEFAULT
)
PARALLEL 1
NOCACHE
DISABLE ROW MOVEMENT
;

-- ----------------------------
-- Table structure for OAUTH_CODE
-- ----------------------------
DROP TABLE "CDM"."OAUTH_CODE";
CREATE TABLE "CDM"."OAUTH_CODE" (
  "CODE" NVARCHAR2(128) ,
  "AUTHENTICATION" BLOB 
)
TABLESPACE "USERS"
LOGGING
NOCOMPRESS
PCTFREE 10
INITRANS 1
STORAGE (
  BUFFER_POOL DEFAULT
)
PARALLEL 1
NOCACHE
DISABLE ROW MOVEMENT
;

-- ----------------------------
-- Table structure for OAUTH_REFRESH_TOKEN
-- ----------------------------
DROP TABLE "CDM"."OAUTH_REFRESH_TOKEN";
CREATE TABLE "CDM"."OAUTH_REFRESH_TOKEN" (
  "TOKEN_ID" NVARCHAR2(128) ,
  "TOKEN" BLOB ,
  "AUTHENTICATION" BLOB 
)
TABLESPACE "USERS"
LOGGING
NOCOMPRESS
PCTFREE 10
INITRANS 1
STORAGE (
  INITIAL 65536 
  NEXT 1048576 
  MINEXTENTS 1
  MAXEXTENTS 2147483645
  BUFFER_POOL DEFAULT
)
PARALLEL 1
NOCACHE
DISABLE ROW MOVEMENT
;

-- ----------------------------
-- Table structure for SYS_AUTHORITIES
-- ----------------------------
DROP TABLE "CDM"."SYS_AUTHORITIES";
CREATE TABLE "CDM"."SYS_AUTHORITIES" (
  "AUTHORITY" NVARCHAR2(128) NOT NULL ,
  "AUTHORITY_NAME" NVARCHAR2(128) NOT NULL ,
  "PARENT_NAME" NVARCHAR2(128) ,
  "SORT" NUMBER(11) NOT NULL ,
  "CREATE_TIME" DATE NOT NULL ,
  "UPDATE_TIME" DATE 
)
TABLESPACE "USERS"
LOGGING
NOCOMPRESS
PCTFREE 10
INITRANS 1
STORAGE (
  INITIAL 65536 
  NEXT 1048576 
  MINEXTENTS 1
  MAXEXTENTS 2147483645
  BUFFER_POOL DEFAULT
)
PARALLEL 1
NOCACHE
DISABLE ROW MOVEMENT
;
COMMENT ON COLUMN "CDM"."SYS_AUTHORITIES"."AUTHORITY" IS '授权标识';
COMMENT ON COLUMN "CDM"."SYS_AUTHORITIES"."AUTHORITY_NAME" IS '名称';
COMMENT ON COLUMN "CDM"."SYS_AUTHORITIES"."PARENT_NAME" IS '模块名称';
COMMENT ON COLUMN "CDM"."SYS_AUTHORITIES"."SORT" IS '排序号';
COMMENT ON COLUMN "CDM"."SYS_AUTHORITIES"."CREATE_TIME" IS '创建时间';
COMMENT ON TABLE "CDM"."SYS_AUTHORITIES" IS '权限';

-- ----------------------------
-- Records of SYS_AUTHORITIES
-- ----------------------------
INSERT INTO "CDM"."SYS_AUTHORITIES" VALUES ('post:/v1/case/names', '特例分析-获取限制名称', '特例分析', '5', TO_DATE('2019-12-10 17:10:06', 'SYYYY-MM-DD HH24:MI:SS'), TO_DATE('2019-12-10 17:10:06', 'SYYYY-MM-DD HH24:MI:SS'));
INSERT INTO "CDM"."SYS_AUTHORITIES" VALUES ('post:/v1/case/planAndRealChart', '特例分析-计划图表和实际图表', '特例分析', '6', TO_DATE('2019-12-10 17:10:06', 'SYYYY-MM-DD HH24:MI:SS'), TO_DATE('2019-12-10 17:10:06', 'SYYYY-MM-DD HH24:MI:SS'));
INSERT INTO "CDM"."SYS_AUTHORITIES" VALUES ('post:/v1/case/planAndRealFlow', '特例分析-每日计划和实际流量', '特例分析', '7', TO_DATE('2019-12-10 17:10:06', 'SYYYY-MM-DD HH24:MI:SS'), TO_DATE('2019-12-10 17:10:06', 'SYYYY-MM-DD HH24:MI:SS'));
INSERT INTO "CDM"."SYS_AUTHORITIES" VALUES ('post:/v1/case/uploadOrigExcel', '特例分析-Excel上传', '特例分析', '8', TO_DATE('2019-12-10 17:10:06', 'SYYYY-MM-DD HH24:MI:SS'), TO_DATE('2019-12-10 17:10:06', 'SYYYY-MM-DD HH24:MI:SS'));
INSERT INTO "CDM"."SYS_AUTHORITIES" VALUES ('post:/v1/delay/basicPie', '延误综合分析-基本饼图', '延误统计', '9', TO_DATE('2019-12-10 17:10:06', 'SYYYY-MM-DD HH24:MI:SS'), TO_DATE('2019-12-10 17:10:06', 'SYYYY-MM-DD HH24:MI:SS'));
INSERT INTO "CDM"."SYS_AUTHORITIES" VALUES ('post:/v1/delay/customTimeRangeDetails', '延误综合分析-时间区间', '延误统计', '10', TO_DATE('2019-12-10 17:10:06', 'SYYYY-MM-DD HH24:MI:SS'), TO_DATE('2019-12-10 17:10:06', 'SYYYY-MM-DD HH24:MI:SS'));
INSERT INTO "CDM"."SYS_AUTHORITIES" VALUES ('delete:/v1/delay/deleteNormalRate/{id}', '删除正常率', '放行正常率', '11', TO_DATE('2019-12-10 17:10:06', 'SYYYY-MM-DD HH24:MI:SS'), TO_DATE('2019-12-10 17:10:06', 'SYYYY-MM-DD HH24:MI:SS'));
INSERT INTO "CDM"."SYS_AUTHORITIES" VALUES ('post:/v1/delay/drillPie', '延误综合分析-饼图钻取', '延误统计', '12', TO_DATE('2019-12-10 17:10:06', 'SYYYY-MM-DD HH24:MI:SS'), TO_DATE('2019-12-10 17:10:06', 'SYYYY-MM-DD HH24:MI:SS'));
INSERT INTO "CDM"."SYS_AUTHORITIES" VALUES ('post:/v1/delay/monthRangePie', '延误趋势分析-实际延误比例饼图', '延误统计', '13', TO_DATE('2019-12-10 17:10:06', 'SYYYY-MM-DD HH24:MI:SS'), TO_DATE('2019-12-10 17:10:06', 'SYYYY-MM-DD HH24:MI:SS'));
INSERT INTO "CDM"."SYS_AUTHORITIES" VALUES ('post:/v1/delay/pieAndColumn', '延误综合分析-综合图表', '延误统计', '14', TO_DATE('2019-12-10 17:10:06', 'SYYYY-MM-DD HH24:MI:SS'), TO_DATE('2019-12-10 17:10:06', 'SYYYY-MM-DD HH24:MI:SS'));
INSERT INTO "CDM"."SYS_AUTHORITIES" VALUES ('post:/v1/delay/quantityTrend', '延误趋势分析-数量分析', '延误统计', '15', TO_DATE('2019-12-10 17:10:06', 'SYYYY-MM-DD HH24:MI:SS'), TO_DATE('2019-12-10 17:10:06', 'SYYYY-MM-DD HH24:MI:SS'));
INSERT INTO "CDM"."SYS_AUTHORITIES" VALUES ('get:/v1/delay/releaseNormalRate', '查询年度放行正常率信息', '放行正常率', '16', TO_DATE('2019-12-10 17:10:06', 'SYYYY-MM-DD HH24:MI:SS'), TO_DATE('2019-12-10 17:10:06', 'SYYYY-MM-DD HH24:MI:SS'));
INSERT INTO "CDM"."SYS_AUTHORITIES" VALUES ('post:/v1/delay/releaseNormalRate', '添加放行正常率信息', '放行正常率', '17', TO_DATE('2019-12-10 17:10:06', 'SYYYY-MM-DD HH24:MI:SS'), TO_DATE('2019-12-10 17:10:06', 'SYYYY-MM-DD HH24:MI:SS'));
INSERT INTO "CDM"."SYS_AUTHORITIES" VALUES ('put:/v1/delay/releaseNormalRate', '修改放行正常率信息', '放行正常率', '18', TO_DATE('2019-12-10 17:10:06', 'SYYYY-MM-DD HH24:MI:SS'), TO_DATE('2019-12-10 17:10:06', 'SYYYY-MM-DD HH24:MI:SS'));
INSERT INTO "CDM"."SYS_AUTHORITIES" VALUES ('post:/v1/delay/timeRangeDetails', '延误综合分析-时间区间', '延误统计', '19', TO_DATE('2019-12-10 17:10:06', 'SYYYY-MM-DD HH24:MI:SS'), TO_DATE('2019-12-10 17:10:06', 'SYYYY-MM-DD HH24:MI:SS'));
INSERT INTO "CDM"."SYS_AUTHORITIES" VALUES ('post:/v1/delay/timeTrend', '延误趋势分析-时间区间', '延误统计', '20', TO_DATE('2019-12-10 17:10:06', 'SYYYY-MM-DD HH24:MI:SS'), TO_DATE('2019-12-10 17:10:06', 'SYYYY-MM-DD HH24:MI:SS'));
INSERT INTO "CDM"."SYS_AUTHORITIES" VALUES ('post:/v1/delay/typeDetails', '延误综合分析-类型分析', '延误统计', '21', TO_DATE('2019-12-10 17:10:06', 'SYYYY-MM-DD HH24:MI:SS'), TO_DATE('2019-12-10 17:10:06', 'SYYYY-MM-DD HH24:MI:SS'));
INSERT INTO "CDM"."SYS_AUTHORITIES" VALUES ('post:/v1/delay/typeDrillDetails', '延误综合分析-柱图钻取', '延误统计', '22', TO_DATE('2019-12-10 17:10:06', 'SYYYY-MM-DD HH24:MI:SS'), TO_DATE('2019-12-10 17:10:06', 'SYYYY-MM-DD HH24:MI:SS'));
INSERT INTO "CDM"."SYS_AUTHORITIES" VALUES ('post:/v1/delay/yearMonthRate', '查询月度放行正常率信息', '放行正常率', '23', TO_DATE('2019-12-10 17:10:06', 'SYYYY-MM-DD HH24:MI:SS'), TO_DATE('2019-12-10 17:10:06', 'SYYYY-MM-DD HH24:MI:SS'));
INSERT INTO "CDM"."SYS_AUTHORITIES" VALUES ('post:/v1/delay/yearQuaterRate', '查询季度放行正常率信息', '放行正常率', '24', TO_DATE('2019-12-10 17:10:06', 'SYYYY-MM-DD HH24:MI:SS'), TO_DATE('2019-12-10 17:10:06', 'SYYYY-MM-DD HH24:MI:SS'));
INSERT INTO "CDM"."SYS_AUTHORITIES" VALUES ('post:/v1/delay/yearReleaseNormalRate', '查询年度放行正常率信息', '放行正常率', '25', TO_DATE('2019-12-10 17:10:06', 'SYYYY-MM-DD HH24:MI:SS'), TO_DATE('2019-12-10 17:10:06', 'SYYYY-MM-DD HH24:MI:SS'));
INSERT INTO "CDM"."SYS_AUTHORITIES" VALUES ('delete:/v1/file/del', '删除文件', '文件管理', '26', TO_DATE('2019-12-10 17:10:06', 'SYYYY-MM-DD HH24:MI:SS'), TO_DATE('2019-12-10 17:10:06', 'SYYYY-MM-DD HH24:MI:SS'));
INSERT INTO "CDM"."SYS_AUTHORITIES" VALUES ('get:/v1/file/download/{y}/{m}/{d}/{file}', '下载原文件', '文件管理', '27', TO_DATE('2019-12-10 17:10:06', 'SYYYY-MM-DD HH24:MI:SS'), TO_DATE('2019-12-10 17:10:06', 'SYYYY-MM-DD HH24:MI:SS'));
INSERT INTO "CDM"."SYS_AUTHORITIES" VALUES ('get:/v1/file/list', '按文件夹获取文件列表', '文件管理', '28', TO_DATE('2019-12-10 17:10:06', 'SYYYY-MM-DD HH24:MI:SS'), TO_DATE('2019-12-10 17:10:06', 'SYYYY-MM-DD HH24:MI:SS'));
INSERT INTO "CDM"."SYS_AUTHORITIES" VALUES ('get:/v1/file/listAll', '获取全部文件列表', '文件管理', '29', TO_DATE('2019-12-10 17:10:06', 'SYYYY-MM-DD HH24:MI:SS'), TO_DATE('2019-12-10 17:10:06', 'SYYYY-MM-DD HH24:MI:SS'));
INSERT INTO "CDM"."SYS_AUTHORITIES" VALUES ('get:/v1/file/sm/{y}/{m}/{d}/{file}', '查看缩略图', '文件管理', '30', TO_DATE('2019-12-10 17:10:06', 'SYYYY-MM-DD HH24:MI:SS'), TO_DATE('2019-12-10 17:10:06', 'SYYYY-MM-DD HH24:MI:SS'));
INSERT INTO "CDM"."SYS_AUTHORITIES" VALUES ('post:/v1/file/upload', '上传文件', '文件管理', '31', TO_DATE('2019-12-10 17:10:06', 'SYYYY-MM-DD HH24:MI:SS'), TO_DATE('2019-12-10 17:10:06', 'SYYYY-MM-DD HH24:MI:SS'));
INSERT INTO "CDM"."SYS_AUTHORITIES" VALUES ('get:/v1/file/{y}/{m}/{d}/{file}', '查看原文件', '文件管理', '32', TO_DATE('2019-12-10 17:10:06', 'SYYYY-MM-DD HH24:MI:SS'), TO_DATE('2019-12-10 17:10:06', 'SYYYY-MM-DD HH24:MI:SS'));
INSERT INTO "CDM"."SYS_AUTHORITIES" VALUES ('get:/v1/flightInfo', '查询所有航班信息', '航班数据', '33', TO_DATE('2019-12-10 17:10:06', 'SYYYY-MM-DD HH24:MI:SS'), TO_DATE('2019-12-10 17:10:06', 'SYYYY-MM-DD HH24:MI:SS'));
INSERT INTO "CDM"."SYS_AUTHORITIES" VALUES ('post:/v1/flows/delayAndFlowGroup', '限制综合分析-限制具体分析', '限制综合分析', '34', TO_DATE('2019-12-10 17:10:06', 'SYYYY-MM-DD HH24:MI:SS'), TO_DATE('2019-12-10 17:10:06', 'SYYYY-MM-DD HH24:MI:SS'));
INSERT INTO "CDM"."SYS_AUTHORITIES" VALUES ('post:/v1/flows/delayAndFlowSplit', '限制综合分析-限制延误月度分析', '限制综合分析', '35', TO_DATE('2019-12-10 17:10:06', 'SYYYY-MM-DD HH24:MI:SS'), TO_DATE('2019-12-10 17:10:06', 'SYYYY-MM-DD HH24:MI:SS'));
INSERT INTO "CDM"."SYS_AUTHORITIES" VALUES ('post:/v1/flows/delayAndFlowTotal', '限制综合分析-限制和延误总数', '限制综合分析', '36', TO_DATE('2019-12-10 17:10:06', 'SYYYY-MM-DD HH24:MI:SS'), TO_DATE('2019-12-10 17:10:06', 'SYYYY-MM-DD HH24:MI:SS'));
INSERT INTO "CDM"."SYS_AUTHORITIES" VALUES ('post:/v1/flows/delayForFlowRate', '限制综合分析-限制延误占比', '限制综合分析', '37', TO_DATE('2019-12-10 17:10:06', 'SYYYY-MM-DD HH24:MI:SS'), TO_DATE('2019-12-10 17:10:06', 'SYYYY-MM-DD HH24:MI:SS'));
INSERT INTO "CDM"."SYS_AUTHORITIES" VALUES ('post:/v1/flows/flowTopThree', '限制综合分析-限制延误前三分析', '限制综合分析', '38', TO_DATE('2019-12-10 17:10:06', 'SYYYY-MM-DD HH24:MI:SS'), TO_DATE('2019-12-10 17:10:06', 'SYYYY-MM-DD HH24:MI:SS'));
INSERT INTO "CDM"."SYS_AUTHORITIES" VALUES ('post:/v1/flows/flowTopThreeRate', '限制综合分析-限制延误前三占比', '限制综合分析', '39', TO_DATE('2019-12-10 17:10:06', 'SYYYY-MM-DD HH24:MI:SS'), TO_DATE('2019-12-10 17:10:06', 'SYYYY-MM-DD HH24:MI:SS'));
INSERT INTO "CDM"."SYS_AUTHORITIES" VALUES ('post:/v1/flows/names', '限制综合分析-获取限制名称', '限制综合分析', '40', TO_DATE('2019-12-10 17:10:06', 'SYYYY-MM-DD HH24:MI:SS'), TO_DATE('2019-12-10 17:10:06', 'SYYYY-MM-DD HH24:MI:SS'));
INSERT INTO "CDM"."SYS_AUTHORITIES" VALUES ('post:/v1/flows/uploadOrigExcel', '限制综合分析-单文件上传', '限制综合分析', '41', TO_DATE('2019-12-10 17:10:06', 'SYYYY-MM-DD HH24:MI:SS'), TO_DATE('2019-12-10 17:10:06', 'SYYYY-MM-DD HH24:MI:SS'));
INSERT INTO "CDM"."SYS_AUTHORITIES" VALUES ('post:/v1/flows/uploadOrigExcels', '限制综合分析-多文件上传', '限制综合分析', '42', TO_DATE('2019-12-10 17:10:06', 'SYYYY-MM-DD HH24:MI:SS'), TO_DATE('2019-12-10 17:10:06', 'SYYYY-MM-DD HH24:MI:SS'));
INSERT INTO "CDM"."SYS_AUTHORITIES" VALUES ('get:/v1/menu', '分页查询菜单', '菜单管理', '43', TO_DATE('2019-12-10 17:10:06', 'SYYYY-MM-DD HH24:MI:SS'), TO_DATE('2019-12-10 17:10:06', 'SYYYY-MM-DD HH24:MI:SS'));
INSERT INTO "CDM"."SYS_AUTHORITIES" VALUES ('post:/v1/menu', '添加菜单', '菜单管理', '44', TO_DATE('2019-12-10 17:10:06', 'SYYYY-MM-DD HH24:MI:SS'), TO_DATE('2019-12-10 17:10:06', 'SYYYY-MM-DD HH24:MI:SS'));
INSERT INTO "CDM"."SYS_AUTHORITIES" VALUES ('put:/v1/menu', '修改菜单', '菜单管理', '45', TO_DATE('2019-12-10 17:10:06', 'SYYYY-MM-DD HH24:MI:SS'), TO_DATE('2019-12-10 17:10:06', 'SYYYY-MM-DD HH24:MI:SS'));
INSERT INTO "CDM"."SYS_AUTHORITIES" VALUES ('get:/v1/menu/all', '查询所有菜单', '菜单管理', '46', TO_DATE('2019-12-10 17:10:06', 'SYYYY-MM-DD HH24:MI:SS'), TO_DATE('2019-12-10 17:10:06', 'SYYYY-MM-DD HH24:MI:SS'));
INSERT INTO "CDM"."SYS_AUTHORITIES" VALUES ('delete:/v1/menu/{id}', '删除菜单', '菜单管理', '47', TO_DATE('2019-12-10 17:10:06', 'SYYYY-MM-DD HH24:MI:SS'), TO_DATE('2019-12-10 17:10:06', 'SYYYY-MM-DD HH24:MI:SS'));
INSERT INTO "CDM"."SYS_AUTHORITIES" VALUES ('get:/v1/oauth/client', '查询所有客户端', '客户端管理', '48', TO_DATE('2019-12-10 17:10:06', 'SYYYY-MM-DD HH24:MI:SS'), TO_DATE('2019-12-10 17:10:06', 'SYYYY-MM-DD HH24:MI:SS'));
INSERT INTO "CDM"."SYS_AUTHORITIES" VALUES ('post:/v1/oauth/client', '添加客户端', '客户端管理', '49', TO_DATE('2019-12-10 17:10:06', 'SYYYY-MM-DD HH24:MI:SS'), TO_DATE('2019-12-10 17:10:06', 'SYYYY-MM-DD HH24:MI:SS'));
INSERT INTO "CDM"."SYS_AUTHORITIES" VALUES ('get:/v1/oauth/client/{clientId}', '根据clientId查询', '客户端管理', '50', TO_DATE('2019-12-10 17:10:06', 'SYYYY-MM-DD HH24:MI:SS'), TO_DATE('2019-12-10 17:10:06', 'SYYYY-MM-DD HH24:MI:SS'));
INSERT INTO "CDM"."SYS_AUTHORITIES" VALUES ('put:/v1/oauth/client/{clientId}', '修改客户端', '客户端管理', '51', TO_DATE('2019-12-10 17:10:06', 'SYYYY-MM-DD HH24:MI:SS'), TO_DATE('2019-12-10 17:10:06', 'SYYYY-MM-DD HH24:MI:SS'));
INSERT INTO "CDM"."SYS_AUTHORITIES" VALUES ('delete:/v1/oauth/client/{clientId}', '删除客户端', '客户端管理', '52', TO_DATE('2019-12-10 17:10:06', 'SYYYY-MM-DD HH24:MI:SS'), TO_DATE('2019-12-10 17:10:06', 'SYYYY-MM-DD HH24:MI:SS'));
INSERT INTO "CDM"."SYS_AUTHORITIES" VALUES ('get:/v1/param/all', '查询所有菜单', '参数设置', '53', TO_DATE('2019-12-10 17:10:06', 'SYYYY-MM-DD HH24:MI:SS'), TO_DATE('2019-12-10 17:10:06', 'SYYYY-MM-DD HH24:MI:SS'));
INSERT INTO "CDM"."SYS_AUTHORITIES" VALUES ('delete:/v1/param/deleteMenuList/{id}', '删除字典数据', '参数设置', '54', TO_DATE('2019-12-10 17:10:06', 'SYYYY-MM-DD HH24:MI:SS'), TO_DATE('2019-12-10 17:10:06', 'SYYYY-MM-DD HH24:MI:SS'));
INSERT INTO "CDM"."SYS_AUTHORITIES" VALUES ('get:/v1/param/flows', '参数设置-获取流控列表', '参数设置', '55', TO_DATE('2019-12-10 17:10:06', 'SYYYY-MM-DD HH24:MI:SS'), TO_DATE('2019-12-10 17:10:06', 'SYYYY-MM-DD HH24:MI:SS'));
INSERT INTO "CDM"."SYS_AUTHORITIES" VALUES ('get:/v1/param/menuDisplay', '字典-菜单列表', '参数设置', '56', TO_DATE('2019-12-10 17:10:06', 'SYYYY-MM-DD HH24:MI:SS'), TO_DATE('2019-12-10 17:10:06', 'SYYYY-MM-DD HH24:MI:SS'));
INSERT INTO "CDM"."SYS_AUTHORITIES" VALUES ('get:/v1/param/menuList', '字典-表单列表数据', '参数设置', '57', TO_DATE('2019-12-10 17:10:06', 'SYYYY-MM-DD HH24:MI:SS'), TO_DATE('2019-12-10 17:10:06', 'SYYYY-MM-DD HH24:MI:SS'));
INSERT INTO "CDM"."SYS_AUTHORITIES" VALUES ('post:/v1/param/menuList', '添加字典信息', '参数设置', '58', TO_DATE('2019-12-10 17:10:06', 'SYYYY-MM-DD HH24:MI:SS'), TO_DATE('2019-12-10 17:10:06', 'SYYYY-MM-DD HH24:MI:SS'));
INSERT INTO "CDM"."SYS_AUTHORITIES" VALUES ('put:/v1/param/menuList', '修改字典信息', '参数设置', '59', TO_DATE('2019-12-10 17:10:06', 'SYYYY-MM-DD HH24:MI:SS'), TO_DATE('2019-12-10 17:10:06', 'SYYYY-MM-DD HH24:MI:SS'));
INSERT INTO "CDM"."SYS_AUTHORITIES" VALUES ('get:/v1/role', '查询所有角色', '角色管理', '60', TO_DATE('2019-12-10 17:10:06', 'SYYYY-MM-DD HH24:MI:SS'), TO_DATE('2019-12-10 17:10:06', 'SYYYY-MM-DD HH24:MI:SS'));
INSERT INTO "CDM"."SYS_AUTHORITIES" VALUES ('post:/v1/role', '添加角色', '角色管理', '61', TO_DATE('2019-12-10 17:10:06', 'SYYYY-MM-DD HH24:MI:SS'), TO_DATE('2019-12-10 17:10:06', 'SYYYY-MM-DD HH24:MI:SS'));
INSERT INTO "CDM"."SYS_AUTHORITIES" VALUES ('put:/v1/role', '修改角色', '角色管理', '62', TO_DATE('2019-12-10 17:10:06', 'SYYYY-MM-DD HH24:MI:SS'), TO_DATE('2019-12-10 17:10:06', 'SYYYY-MM-DD HH24:MI:SS'));
INSERT INTO "CDM"."SYS_AUTHORITIES" VALUES ('delete:/v1/role/{id}', '删除角色', '角色管理', '63', TO_DATE('2019-12-10 17:10:06', 'SYYYY-MM-DD HH24:MI:SS'), TO_DATE('2019-12-10 17:10:06', 'SYYYY-MM-DD HH24:MI:SS'));
INSERT INTO "CDM"."SYS_AUTHORITIES" VALUES ('post:/v1/system/watch', '系统监控', '系统管理', '64', TO_DATE('2019-12-10 17:10:06', 'SYYYY-MM-DD HH24:MI:SS'), TO_DATE('2019-12-10 17:10:06', 'SYYYY-MM-DD HH24:MI:SS'));
INSERT INTO "CDM"."SYS_AUTHORITIES" VALUES ('get:/v1/user', '查询所有用户', '用户管理', '65', TO_DATE('2019-12-10 17:10:06', 'SYYYY-MM-DD HH24:MI:SS'), TO_DATE('2019-12-10 17:10:06', 'SYYYY-MM-DD HH24:MI:SS'));
INSERT INTO "CDM"."SYS_AUTHORITIES" VALUES ('post:/v1/user', '添加用户', '用户管理', '66', TO_DATE('2019-12-10 17:10:06', 'SYYYY-MM-DD HH24:MI:SS'), TO_DATE('2019-12-10 17:10:06', 'SYYYY-MM-DD HH24:MI:SS'));
INSERT INTO "CDM"."SYS_AUTHORITIES" VALUES ('put:/v1/user', '修改用户', '用户管理', '67', TO_DATE('2019-12-10 17:10:06', 'SYYYY-MM-DD HH24:MI:SS'), TO_DATE('2019-12-10 17:10:06', 'SYYYY-MM-DD HH24:MI:SS'));
INSERT INTO "CDM"."SYS_AUTHORITIES" VALUES ('get:/v1/user/info', '获取个人信息', '个人信息', '68', TO_DATE('2019-12-10 17:10:06', 'SYYYY-MM-DD HH24:MI:SS'), TO_DATE('2019-12-10 17:10:06', 'SYYYY-MM-DD HH24:MI:SS'));
INSERT INTO "CDM"."SYS_AUTHORITIES" VALUES ('get:/v1/user/menu', '获取所有菜单', '个人信息', '69', TO_DATE('2019-12-10 17:10:06', 'SYYYY-MM-DD HH24:MI:SS'), TO_DATE('2019-12-10 17:10:06', 'SYYYY-MM-DD HH24:MI:SS'));
INSERT INTO "CDM"."SYS_AUTHORITIES" VALUES ('post:/v1/user/psw', '修改自己密码', '用户管理', '70', TO_DATE('2019-12-10 17:10:06', 'SYYYY-MM-DD HH24:MI:SS'), TO_DATE('2019-12-10 17:10:06', 'SYYYY-MM-DD HH24:MI:SS'));
INSERT INTO "CDM"."SYS_AUTHORITIES" VALUES ('put:/v1/user/psw/{id}', '重置密码', '用户管理', '71', TO_DATE('2019-12-10 17:10:06', 'SYYYY-MM-DD HH24:MI:SS'), TO_DATE('2019-12-10 17:10:06', 'SYYYY-MM-DD HH24:MI:SS'));
INSERT INTO "CDM"."SYS_AUTHORITIES" VALUES ('get:/v1/authorities', '查询所有权限', '权限管理', '1', TO_DATE('2019-12-10 17:10:06', 'SYYYY-MM-DD HH24:MI:SS'), TO_DATE('2019-12-10 17:10:06', 'SYYYY-MM-DD HH24:MI:SS'));
INSERT INTO "CDM"."SYS_AUTHORITIES" VALUES ('post:/v1/authorities/role', '给角色添加权限', '权限管理', '2', TO_DATE('2019-12-10 17:10:06', 'SYYYY-MM-DD HH24:MI:SS'), TO_DATE('2019-12-10 17:10:06', 'SYYYY-MM-DD HH24:MI:SS'));
INSERT INTO "CDM"."SYS_AUTHORITIES" VALUES ('delete:/v1/authorities/role', '移除角色权限', '权限管理', '3', TO_DATE('2019-12-10 17:10:06', 'SYYYY-MM-DD HH24:MI:SS'), TO_DATE('2019-12-10 17:10:06', 'SYYYY-MM-DD HH24:MI:SS'));
INSERT INTO "CDM"."SYS_AUTHORITIES" VALUES ('post:/v1/authorities/sync', '同步权限', '权限管理', '4', TO_DATE('2019-12-10 17:10:06', 'SYYYY-MM-DD HH24:MI:SS'), TO_DATE('2019-12-10 17:10:06', 'SYYYY-MM-DD HH24:MI:SS'));
INSERT INTO "CDM"."SYS_AUTHORITIES" VALUES ('post:/v1/user/state', '修改用户状态', '用户管理', '72', TO_DATE('2019-12-10 17:10:06', 'SYYYY-MM-DD HH24:MI:SS'), TO_DATE('2019-12-10 17:10:06', 'SYYYY-MM-DD HH24:MI:SS'));
INSERT INTO "CDM"."SYS_AUTHORITIES" VALUES ('delete:/v1/user/{id}', '删除用户', '用户管理', '73', TO_DATE('2019-12-10 17:10:06', 'SYYYY-MM-DD HH24:MI:SS'), TO_DATE('2019-12-10 17:10:06', 'SYYYY-MM-DD HH24:MI:SS'));
COMMIT;

-- ----------------------------
-- Table structure for SYS_MENU
-- ----------------------------
DROP TABLE "CDM"."SYS_MENU";
CREATE TABLE "CDM"."SYS_MENU" (
  "MENU_ID" NVARCHAR2(36) NOT NULL ,
  "PARENT_ID" NVARCHAR2(36) ,
  "MENU_NAME" NVARCHAR2(200) NOT NULL ,
  "MENU_URL" NVARCHAR2(200) ,
  "MENU_ICON" NVARCHAR2(200) ,
  "SORT_NUMBER" NUMBER(11) NOT NULL ,
  "AUTHORITY" NVARCHAR2(200) ,
  "CREATE_TIME" DATE NOT NULL ,
  "UPDATE_TIME" DATE NOT NULL 
)
TABLESPACE "USERS"
LOGGING
NOCOMPRESS
PCTFREE 10
INITRANS 1
STORAGE (
  INITIAL 65536 
  NEXT 1048576 
  MINEXTENTS 1
  MAXEXTENTS 2147483645
  BUFFER_POOL DEFAULT
)
PARALLEL 1
NOCACHE
DISABLE ROW MOVEMENT
;
COMMENT ON COLUMN "CDM"."SYS_MENU"."MENU_ID" IS '菜单id';
COMMENT ON COLUMN "CDM"."SYS_MENU"."PARENT_ID" IS '父级id';
COMMENT ON COLUMN "CDM"."SYS_MENU"."MENU_NAME" IS '菜单名称';
COMMENT ON COLUMN "CDM"."SYS_MENU"."MENU_URL" IS '菜单url';
COMMENT ON COLUMN "CDM"."SYS_MENU"."MENU_ICON" IS '菜单图标';
COMMENT ON COLUMN "CDM"."SYS_MENU"."SORT_NUMBER" IS '排序号';
COMMENT ON COLUMN "CDM"."SYS_MENU"."AUTHORITY" IS '对应权限';
COMMENT ON COLUMN "CDM"."SYS_MENU"."CREATE_TIME" IS '创建时间';
COMMENT ON COLUMN "CDM"."SYS_MENU"."UPDATE_TIME" IS '修改时间';
COMMENT ON TABLE "CDM"."SYS_MENU" IS '菜单表';

-- ----------------------------
-- Records of SYS_MENU
-- ----------------------------
INSERT INTO "CDM"."SYS_MENU" VALUES ('643b24666eb31bfb0f233eb82191ec56', 'dfc981beee71446e9a9e341347034536', '限制特例分析', '#/report/let_special', NULL, '15', NULL, TO_DATE('2019-11-13 16:47:13', 'SYYYY-MM-DD HH24:MI:SS'), TO_DATE('2019-12-10 13:34:38', 'SYYYY-MM-DD HH24:MI:SS'));
INSERT INTO "CDM"."SYS_MENU" VALUES ('215466745d341058729d1da864642a39', '-1', '放行统计', NULL, 'layui-icon layui-icon-tree', '16', NULL, TO_DATE('2019-09-27 14:35:56', 'SYYYY-MM-DD HH24:MI:SS'), TO_DATE('2019-12-10 13:35:23', 'SYYYY-MM-DD HH24:MI:SS'));
INSERT INTO "CDM"."SYS_MENU" VALUES ('94fec04d027a45c785185a3fc119396d', 'dfc981beee71446e9a9e341347034535', '菜单管理', '#/system/menu', NULL, '5', 'get:/v1/menu', TO_DATE('2019-03-26 16:28:14', 'SYYYY-MM-DD HH24:MI:SS'), TO_DATE('2019-03-29 16:35:45', 'SYYYY-MM-DD HH24:MI:SS'));
INSERT INTO "CDM"."SYS_MENU" VALUES ('9833eb04c249421d8894f38af3774b53', 'dfc981beee71446e9a9e341347034535', '权限管理', '#/system/authorities', NULL, '4', 'get:/v1/authorities', TO_DATE('2019-03-26 16:22:28', 'SYYYY-MM-DD HH24:MI:SS'), TO_DATE('2019-03-29 16:35:33', 'SYYYY-MM-DD HH24:MI:SS'));
INSERT INTO "CDM"."SYS_MENU" VALUES ('ac918c06c461425fae0baa1cabb0be40', 'dfc981beee71446e9a9e341347034535', '应用管理', '#/system/client', NULL, '6', 'get:/v1/oauth/client', TO_DATE('2019-03-26 16:17:51', 'SYYYY-MM-DD HH24:MI:SS'), TO_DATE('2019-09-06 20:24:30', 'SYYYY-MM-DD HH24:MI:SS'));
INSERT INTO "CDM"."SYS_MENU" VALUES ('67cb846b8bb73be4b249724664f700f6', 'dfc981beee71446e9a9e341347034536', '延误趋势分析', '#/report/delay_trend', NULL, '13', 'post:/v1/delay/timeTrend', TO_DATE('2019-10-23 17:47:39', 'SYYYY-MM-DD HH24:MI:SS'), TO_DATE('2019-10-25 16:51:37', 'SYYYY-MM-DD HH24:MI:SS'));
INSERT INTO "CDM"."SYS_MENU" VALUES ('ca0b99ee2e334ad4bbb71b435b8ff441', 'dfc981beee71446e9a9e341347034535', '角色管理', '#/system/role', NULL, '3', 'get:/v1/role', TO_DATE('2019-03-26 16:22:03', 'SYYYY-MM-DD HH24:MI:SS'), TO_DATE('2019-03-29 16:35:30', 'SYYYY-MM-DD HH24:MI:SS'));
INSERT INTO "CDM"."SYS_MENU" VALUES ('d61fd34e9368423daf6ec0cd6db52d3f', 'dfc981beee71446e9a9e341347034535', '用户管理', '#/system/user', NULL, '2', 'get:/v1/user', TO_DATE('2019-03-26 16:21:17', 'SYYYY-MM-DD HH24:MI:SS'), TO_DATE('2019-03-29 16:35:26', 'SYYYY-MM-DD HH24:MI:SS'));
INSERT INTO "CDM"."SYS_MENU" VALUES ('dfc981beee71446e9a9e341347034535', '-1', '系统管理', NULL, 'layui-icon layui-icon-set', '1', NULL, TO_DATE('2019-03-26 13:19:08', 'SYYYY-MM-DD HH24:MI:SS'), TO_DATE('2019-03-26 16:18:08', 'SYYYY-MM-DD HH24:MI:SS'));
INSERT INTO "CDM"."SYS_MENU" VALUES ('7733d6633c9c4adf34225b0030f1c0ac', 'd79ef28aced0b0fba1de0da6ae60060f', '文件管理', '#/report/delay_file', NULL, '10', NULL, TO_DATE('2019-12-06 16:22:08', 'SYYYY-MM-DD HH24:MI:SS'), TO_DATE('2019-12-10 13:34:30', 'SYYYY-MM-DD HH24:MI:SS'));
INSERT INTO "CDM"."SYS_MENU" VALUES ('317ddab6a8666ab726b8508480cdf91f', 'dfc981beee71446e9a9e341347034536', '限制综合分析', '#/report/delay_advance_excel', NULL, '14', 'post:/v1/flows/delayAndFlowTotal', TO_DATE('2019-11-27 10:23:05', 'SYYYY-MM-DD HH24:MI:SS'), TO_DATE('2019-11-28 14:41:30', 'SYYYY-MM-DD HH24:MI:SS'));
INSERT INTO "CDM"."SYS_MENU" VALUES ('d79ef28aced0b0fba1de0da6ae60060f', '-1', '航班数据', NULL, 'layui-icon layui-icon-table', '7', NULL, TO_DATE('2019-09-18 17:11:09', 'SYYYY-MM-DD HH24:MI:SS'), TO_DATE('2019-12-10 13:34:14', 'SYYYY-MM-DD HH24:MI:SS'));
INSERT INTO "CDM"."SYS_MENU" VALUES ('92f0e1d949fcae2392a51b158e8b89e9', 'dfc981beee71446e9a9e341347034536', '延误综合分析', '#/report/delay_advance', NULL, '12', 'post:/v1/delay/typeDetails', TO_DATE('2019-10-16 11:19:28', 'SYYYY-MM-DD HH24:MI:SS'), TO_DATE('2019-10-25 16:51:26', 'SYYYY-MM-DD HH24:MI:SS'));
INSERT INTO "CDM"."SYS_MENU" VALUES ('d25da918f03103f2943fa72487880009', '215466745d341058729d1da864642a39', '放行正常率综合分析', '#/report/let_advance', NULL, '17', NULL, TO_DATE('2019-10-21 13:36:01', 'SYYYY-MM-DD HH24:MI:SS'), TO_DATE('2019-12-10 13:35:17', 'SYYYY-MM-DD HH24:MI:SS'));
INSERT INTO "CDM"."SYS_MENU" VALUES ('9fe37a4621fe5fc77fb648471698cc63', 'd79ef28aced0b0fba1de0da6ae60060f', '字典管理', '#/system/dict', NULL, '9', NULL, TO_DATE('2019-11-18 14:31:54', 'SYYYY-MM-DD HH24:MI:SS'), TO_DATE('2019-12-10 13:34:25', 'SYYYY-MM-DD HH24:MI:SS'));
INSERT INTO "CDM"."SYS_MENU" VALUES ('dfc981beee71446e9a9e341347034536', '-1', '延误统计', NULL, 'layui-icon layui-icon-chart', '11', NULL, TO_DATE('2019-09-03 09:59:35', 'SYYYY-MM-DD HH24:MI:SS'), TO_DATE('2019-09-25 13:49:19', 'SYYYY-MM-DD HH24:MI:SS'));
INSERT INTO "CDM"."SYS_MENU" VALUES ('5ba79fc0fee3dc35cd2ae09f8d79d1f7', 'd79ef28aced0b0fba1de0da6ae60060f', '航班信息', '#/report/delay_orig', NULL, '8', 'get:/v1/flightInfo', TO_DATE('2019-09-18 17:13:35', 'SYYYY-MM-DD HH24:MI:SS'), TO_DATE('2019-12-10 13:34:20', 'SYYYY-MM-DD HH24:MI:SS'));
COMMIT;

-- ----------------------------
-- Table structure for SYS_ROLE
-- ----------------------------
DROP TABLE "CDM"."SYS_ROLE";
CREATE TABLE "CDM"."SYS_ROLE" (
  "ROLE_ID" NVARCHAR2(36) NOT NULL ,
  "ROLE_NAME" NVARCHAR2(64) NOT NULL ,
  "COMMENTS" NVARCHAR2(256) ,
  "CREATE_TIME" DATE NOT NULL ,
  "UPDATE_TIME" DATE NOT NULL 
)
TABLESPACE "USERS"
LOGGING
NOCOMPRESS
PCTFREE 10
INITRANS 1
STORAGE (
  INITIAL 65536 
  NEXT 1048576 
  MINEXTENTS 1
  MAXEXTENTS 2147483645
  BUFFER_POOL DEFAULT
)
PARALLEL 1
NOCACHE
DISABLE ROW MOVEMENT
;
COMMENT ON COLUMN "CDM"."SYS_ROLE"."ROLE_ID" IS '角色id';
COMMENT ON COLUMN "CDM"."SYS_ROLE"."ROLE_NAME" IS '角色名称';
COMMENT ON COLUMN "CDM"."SYS_ROLE"."COMMENTS" IS '备注';
COMMENT ON COLUMN "CDM"."SYS_ROLE"."CREATE_TIME" IS '创建时间';
COMMENT ON COLUMN "CDM"."SYS_ROLE"."UPDATE_TIME" IS '修改时间';
COMMENT ON TABLE "CDM"."SYS_ROLE" IS '角色';

-- ----------------------------
-- Records of SYS_ROLE
-- ----------------------------
INSERT INTO "CDM"."SYS_ROLE" VALUES ('2f87e52b712240fe94ce4730cdccc13b', '普通用户', '普通用户1', TO_DATE('2018-12-19 23:12:09', 'SYYYY-MM-DD HH24:MI:SS'), TO_DATE('2019-11-06 13:11:47', 'SYYYY-MM-DD HH24:MI:SS'));
INSERT INTO "CDM"."SYS_ROLE" VALUES ('e445a9d42bda4bce90da0d1d5876e955', '管理员', '管理员', TO_DATE('2018-12-19 23:11:29', 'SYYYY-MM-DD HH24:MI:SS'), TO_DATE('2018-12-19 23:11:29', 'SYYYY-MM-DD HH24:MI:SS'));
COMMIT;

-- ----------------------------
-- Table structure for SYS_ROLE_AUTHORITIES
-- ----------------------------
DROP TABLE "CDM"."SYS_ROLE_AUTHORITIES";
CREATE TABLE "CDM"."SYS_ROLE_AUTHORITIES" (
  "ID" NVARCHAR2(36) NOT NULL ,
  "ROLE_ID" NVARCHAR2(36) NOT NULL ,
  "AUTHORITY" NVARCHAR2(128) NOT NULL ,
  "CREATE_TIME" DATE ,
  "UPDATE_TIME" DATE 
)
TABLESPACE "USERS"
LOGGING
NOCOMPRESS
PCTFREE 10
INITRANS 1
STORAGE (
  INITIAL 65536 
  NEXT 1048576 
  MINEXTENTS 1
  MAXEXTENTS 2147483645
  BUFFER_POOL DEFAULT
)
PARALLEL 1
NOCACHE
DISABLE ROW MOVEMENT
;
COMMENT ON COLUMN "CDM"."SYS_ROLE_AUTHORITIES"."ROLE_ID" IS '角色id';
COMMENT ON COLUMN "CDM"."SYS_ROLE_AUTHORITIES"."AUTHORITY" IS '权限id';
COMMENT ON COLUMN "CDM"."SYS_ROLE_AUTHORITIES"."CREATE_TIME" IS '创建时间';
COMMENT ON TABLE "CDM"."SYS_ROLE_AUTHORITIES" IS '角色权限';

-- ----------------------------
-- Records of SYS_ROLE_AUTHORITIES
-- ----------------------------
INSERT INTO "CDM"."SYS_ROLE_AUTHORITIES" VALUES ('f19772535f326fabd76e5e5d9e9f5152', '52db339812f329bbda8cb84409a70b01', 'get:/v1/authorities', TO_DATE('2019-08-15 12:17:23', 'SYYYY-MM-DD HH24:MI:SS'), NULL);
INSERT INTO "CDM"."SYS_ROLE_AUTHORITIES" VALUES ('01444c9c91464aafab2293a205f447ed', 'e445a9d42bda4bce90da0d1d5876e955', 'delete:/v1/role/{id}', TO_DATE('2018-12-19 23:11:36', 'SYYYY-MM-DD HH24:MI:SS'), NULL);
INSERT INTO "CDM"."SYS_ROLE_AUTHORITIES" VALUES ('9d392447a7801068671e5b342d72ad63', 'e445a9d42bda4bce90da0d1d5876e955', 'post:/v1/delay/quantityTrend', TO_DATE('2019-10-24 11:18:14', 'SYYYY-MM-DD HH24:MI:SS'), NULL);
INSERT INTO "CDM"."SYS_ROLE_AUTHORITIES" VALUES ('0fe20fff636f4f0ab83de918d3e08be9', 'e445a9d42bda4bce90da0d1d5876e955', 'get:/v1/user', TO_DATE('2019-03-28 14:37:49', 'SYYYY-MM-DD HH24:MI:SS'), NULL);
INSERT INTO "CDM"."SYS_ROLE_AUTHORITIES" VALUES ('10c85b03829c46afa3223145eee82c57', 'e445a9d42bda4bce90da0d1d5876e955', 'delete:/v1/oauth/client/{clientId}', TO_DATE('2018-12-19 23:11:35', 'SYYYY-MM-DD HH24:MI:SS'), NULL);
INSERT INTO "CDM"."SYS_ROLE_AUTHORITIES" VALUES ('2743d61535654218bcdcfd7c0c97bdcb', 'e445a9d42bda4bce90da0d1d5876e955', 'post:/v1/authorities/role', TO_DATE('2018-12-19 23:11:41', 'SYYYY-MM-DD HH24:MI:SS'), NULL);
INSERT INTO "CDM"."SYS_ROLE_AUTHORITIES" VALUES ('276df892cff14fc78733c710955f14ea', 'e445a9d42bda4bce90da0d1d5876e955', 'put:/v1/menu', TO_DATE('2019-03-26 17:19:39', 'SYYYY-MM-DD HH24:MI:SS'), NULL);
INSERT INTO "CDM"."SYS_ROLE_AUTHORITIES" VALUES ('3cb2cd7f38b8469482e9c058e9e1c11c', 'e445a9d42bda4bce90da0d1d5876e955', 'post:/v1/menu', TO_DATE('2019-03-26 17:19:40', 'SYYYY-MM-DD HH24:MI:SS'), NULL);
INSERT INTO "CDM"."SYS_ROLE_AUTHORITIES" VALUES ('4273e4ec780e4afaa1787b246589939e', 'e445a9d42bda4bce90da0d1d5876e955', 'get:/v1/user/menu', TO_DATE('2019-03-29 16:38:15', 'SYYYY-MM-DD HH24:MI:SS'), NULL);
INSERT INTO "CDM"."SYS_ROLE_AUTHORITIES" VALUES ('4ad05875e3f149cb9b66e0b1504bbf08', 'e445a9d42bda4bce90da0d1d5876e955', 'delete:/v1/menu/{id}', TO_DATE('2019-03-26 17:28:34', 'SYYYY-MM-DD HH24:MI:SS'), NULL);
INSERT INTO "CDM"."SYS_ROLE_AUTHORITIES" VALUES ('298f254afd40178d97938755d99eb8f8', 'e445a9d42bda4bce90da0d1d5876e955', 'post:/v1/flows/uploadOrigExcel', TO_DATE('2019-12-06 11:04:10', 'SYYYY-MM-DD HH24:MI:SS'), NULL);
INSERT INTO "CDM"."SYS_ROLE_AUTHORITIES" VALUES ('4d4919ed3c68443a8281727234b6ed7a', 'e445a9d42bda4bce90da0d1d5876e955', 'put:/v1/role', TO_DATE('2018-12-19 23:11:46', 'SYYYY-MM-DD HH24:MI:SS'), NULL);
INSERT INTO "CDM"."SYS_ROLE_AUTHORITIES" VALUES ('557ec5a9495849b5a3d5b69171f631f8', 'e445a9d42bda4bce90da0d1d5876e955', 'post:/v1/user', TO_DATE('2018-12-19 23:11:44', 'SYYYY-MM-DD HH24:MI:SS'), NULL);
INSERT INTO "CDM"."SYS_ROLE_AUTHORITIES" VALUES ('5951292a990f460cac7bcb472ecc85e3', 'e445a9d42bda4bce90da0d1d5876e955', 'get:/v1/user/info', TO_DATE('2019-03-29 16:38:15', 'SYYYY-MM-DD HH24:MI:SS'), NULL);
INSERT INTO "CDM"."SYS_ROLE_AUTHORITIES" VALUES ('5ef98627d1ec464bb5c54a787306441a', 'e445a9d42bda4bce90da0d1d5876e955', 'put:/v1/user/psw/{id}', TO_DATE('2018-12-19 23:11:47', 'SYYYY-MM-DD HH24:MI:SS'), NULL);
INSERT INTO "CDM"."SYS_ROLE_AUTHORITIES" VALUES ('c8e19ccfb19a3b32309414635d12686d', '2f87e52b712240fe94ce4730cdccc13b', 'post:/v1/case/planAndRealFlow', TO_DATE('2019-12-10 13:25:33', 'SYYYY-MM-DD HH24:MI:SS'), NULL);
INSERT INTO "CDM"."SYS_ROLE_AUTHORITIES" VALUES ('6a0d00dcaf824ffa9ac991f791f42c10', 'e445a9d42bda4bce90da0d1d5876e955', 'post:/v1/role', TO_DATE('2018-12-19 23:11:43', 'SYYYY-MM-DD HH24:MI:SS'), NULL);
INSERT INTO "CDM"."SYS_ROLE_AUTHORITIES" VALUES ('87c24eef2caf4cdab165b9132dadd0b6', 'e445a9d42bda4bce90da0d1d5876e955', 'put:/v1/oauth/client/{clientId}', TO_DATE('2018-12-19 23:11:46', 'SYYYY-MM-DD HH24:MI:SS'), NULL);
INSERT INTO "CDM"."SYS_ROLE_AUTHORITIES" VALUES ('8909ade898344ef489fe8f9941ead501', 'e445a9d42bda4bce90da0d1d5876e955', 'get:/v1/oauth/client/{clientId}', TO_DATE('2018-12-19 23:11:38', 'SYYYY-MM-DD HH24:MI:SS'), NULL);
INSERT INTO "CDM"."SYS_ROLE_AUTHORITIES" VALUES ('970ef010885d4b61bf59ba2ab52caa73', 'e445a9d42bda4bce90da0d1d5876e955', 'get:/v1/menu', TO_DATE('2019-03-26 17:19:36', 'SYYYY-MM-DD HH24:MI:SS'), NULL);
INSERT INTO "CDM"."SYS_ROLE_AUTHORITIES" VALUES ('99aba483fe49416e8bad416b72f44143', 'e445a9d42bda4bce90da0d1d5876e955', 'get:/v1/authorities', TO_DATE('2018-12-19 23:11:37', 'SYYYY-MM-DD HH24:MI:SS'), NULL);
INSERT INTO "CDM"."SYS_ROLE_AUTHORITIES" VALUES ('a7a00b585d9b4fac8777b21b90691bae', 'e445a9d42bda4bce90da0d1d5876e955', 'delete:/v1/authorities/role', TO_DATE('2018-12-19 23:11:32', 'SYYYY-MM-DD HH24:MI:SS'), NULL);
INSERT INTO "CDM"."SYS_ROLE_AUTHORITIES" VALUES ('ae052b094254485892155e14086de1f3', 'e445a9d42bda4bce90da0d1d5876e955', 'get:/v1/oauth/client', TO_DATE('2018-12-19 23:11:37', 'SYYYY-MM-DD HH24:MI:SS'), NULL);
INSERT INTO "CDM"."SYS_ROLE_AUTHORITIES" VALUES ('bc814dc9b7754ba1b526b1fe8c87b800', 'e445a9d42bda4bce90da0d1d5876e955', 'delete:/v1/user/{id}', TO_DATE('2019-03-26 17:19:36', 'SYYYY-MM-DD HH24:MI:SS'), NULL);
INSERT INTO "CDM"."SYS_ROLE_AUTHORITIES" VALUES ('2bcd26e5ebc2967b91c22f8f7dfecca3', 'e445a9d42bda4bce90da0d1d5876e955', 'post:/v1/delay/timeTrend', TO_DATE('2019-10-24 11:18:18', 'SYYYY-MM-DD HH24:MI:SS'), NULL);
INSERT INTO "CDM"."SYS_ROLE_AUTHORITIES" VALUES ('c5eaf5f33fc84adb915f5a26b7ae5808', 'e445a9d42bda4bce90da0d1d5876e955', 'post:/v1/oauth/client', TO_DATE('2018-12-19 23:11:42', 'SYYYY-MM-DD HH24:MI:SS'), NULL);
INSERT INTO "CDM"."SYS_ROLE_AUTHORITIES" VALUES ('327ebb700311c96d51a3a8c607fdf7d7', 'e445a9d42bda4bce90da0d1d5876e955', 'post:/v1/flows/uploadOrigExcels', TO_DATE('2019-12-06 11:04:11', 'SYYYY-MM-DD HH24:MI:SS'), NULL);
INSERT INTO "CDM"."SYS_ROLE_AUTHORITIES" VALUES ('dd5683e9e84e40f79440c98c9fad99b1', 'e445a9d42bda4bce90da0d1d5876e955', 'get:/v1/role', TO_DATE('2018-12-19 23:11:40', 'SYYYY-MM-DD HH24:MI:SS'), NULL);
INSERT INTO "CDM"."SYS_ROLE_AUTHORITIES" VALUES ('f056bc25fe7e44ddb049598555e0e88c', 'e445a9d42bda4bce90da0d1d5876e955', 'post:/v1/authorities/sync', TO_DATE('2018-12-19 23:11:42', 'SYYYY-MM-DD HH24:MI:SS'), NULL);
INSERT INTO "CDM"."SYS_ROLE_AUTHORITIES" VALUES ('f88175f6819045528e618dba974612c3', 'e445a9d42bda4bce90da0d1d5876e955', 'put:/v1/user', TO_DATE('2018-12-19 23:11:46', 'SYYYY-MM-DD HH24:MI:SS'), NULL);
INSERT INTO "CDM"."SYS_ROLE_AUTHORITIES" VALUES ('b4206ca575d74ce711ee30f5dc5f7983', 'e445a9d42bda4bce90da0d1d5876e955', 'delete:/v1/delay/deleteNormalRate/{id}', TO_DATE('2019-11-05 14:52:00', 'SYYYY-MM-DD HH24:MI:SS'), NULL);
INSERT INTO "CDM"."SYS_ROLE_AUTHORITIES" VALUES ('3dca08ccf3c4f973bdb6d522236a97b9', '2f87e52b712240fe94ce4730cdccc13b', 'post:/v1/case/names', TO_DATE('2019-12-10 13:25:31', 'SYYYY-MM-DD HH24:MI:SS'), NULL);
INSERT INTO "CDM"."SYS_ROLE_AUTHORITIES" VALUES ('ff548e939b61ef881fa03cd53cee480f', '2f87e52b712240fe94ce4730cdccc13b', 'post:/v1/case/planAndRealChart', TO_DATE('2019-12-10 13:25:31', 'SYYYY-MM-DD HH24:MI:SS'), NULL);
INSERT INTO "CDM"."SYS_ROLE_AUTHORITIES" VALUES ('af3afd83d09d0a56681f2d121508e11f', '2f87e52b712240fe94ce4730cdccc13b', 'post:/v1/case/uploadOrigExcel', TO_DATE('2019-12-10 13:25:33', 'SYYYY-MM-DD HH24:MI:SS'), NULL);
INSERT INTO "CDM"."SYS_ROLE_AUTHORITIES" VALUES ('0f104cdce34e46c2ff236613f71d67c0', '2f87e52b712240fe94ce4730cdccc13b', 'post:/v1/delay/basicPie', TO_DATE('2019-12-10 13:25:34', 'SYYYY-MM-DD HH24:MI:SS'), NULL);
INSERT INTO "CDM"."SYS_ROLE_AUTHORITIES" VALUES ('7c53ca129448ff10eaa1249f0f77def5', 'e445a9d42bda4bce90da0d1d5876e955', 'post:/v1/user/state', TO_DATE('2019-11-05 14:52:32', 'SYYYY-MM-DD HH24:MI:SS'), NULL);
INSERT INTO "CDM"."SYS_ROLE_AUTHORITIES" VALUES ('f004bc88758ec76cbaf9cbe77738ab3d', 'e445a9d42bda4bce90da0d1d5876e955', 'get:/v1/param/menuList', TO_DATE('2019-11-19 16:39:01', 'SYYYY-MM-DD HH24:MI:SS'), NULL);
INSERT INTO "CDM"."SYS_ROLE_AUTHORITIES" VALUES ('8323c0c8699c7f1e049eea4f565d1b6c', 'e445a9d42bda4bce90da0d1d5876e955', 'post:/v1/delay/basicPie', TO_DATE('2019-10-25 16:28:06', 'SYYYY-MM-DD HH24:MI:SS'), NULL);
INSERT INTO "CDM"."SYS_ROLE_AUTHORITIES" VALUES ('501fb7e28ad288bd356c937d4cfbf869', 'e445a9d42bda4bce90da0d1d5876e955', 'put:/v1/param/menuList', TO_DATE('2019-11-19 16:39:03', 'SYYYY-MM-DD HH24:MI:SS'), NULL);
INSERT INTO "CDM"."SYS_ROLE_AUTHORITIES" VALUES ('a54e57cde1c119bda51d8345c8fb4421', 'e445a9d42bda4bce90da0d1d5876e955', 'get:/v1/flightInfo', TO_DATE('2019-09-18 16:36:19', 'SYYYY-MM-DD HH24:MI:SS'), NULL);
INSERT INTO "CDM"."SYS_ROLE_AUTHORITIES" VALUES ('c372f7ab27ebb58237117ac70f1424db', 'e445a9d42bda4bce90da0d1d5876e955', 'delete:/v1/param/deleteMenuList/{id}', TO_DATE('2019-11-19 16:39:09', 'SYYYY-MM-DD HH24:MI:SS'), NULL);
INSERT INTO "CDM"."SYS_ROLE_AUTHORITIES" VALUES ('612757d7415a35f6838c2b74462c58ac', '2f87e52b712240fe94ce4730cdccc13b', 'post:/v1/delay/customTimeRangeDetails', TO_DATE('2019-12-10 13:25:35', 'SYYYY-MM-DD HH24:MI:SS'), NULL);
INSERT INTO "CDM"."SYS_ROLE_AUTHORITIES" VALUES ('9d5aa1485aa414e2baec249a4d4651f3', '2f87e52b712240fe94ce4730cdccc13b', 'delete:/v1/delay/deleteNormalRate/{id}', TO_DATE('2019-12-10 13:25:39', 'SYYYY-MM-DD HH24:MI:SS'), NULL);
INSERT INTO "CDM"."SYS_ROLE_AUTHORITIES" VALUES ('70d6db2978f608fc6ff668f9ec9a7561', '2f87e52b712240fe94ce4730cdccc13b', 'post:/v1/delay/drillPie', TO_DATE('2019-12-10 13:25:40', 'SYYYY-MM-DD HH24:MI:SS'), NULL);
INSERT INTO "CDM"."SYS_ROLE_AUTHORITIES" VALUES ('b6ede31353d32de5e5d109ec542ce01f', 'e445a9d42bda4bce90da0d1d5876e955', 'get:/v1/param/menuDisplay', TO_DATE('2019-11-19 16:39:10', 'SYYYY-MM-DD HH24:MI:SS'), NULL);
INSERT INTO "CDM"."SYS_ROLE_AUTHORITIES" VALUES ('f799797912020269e902cad8b5106fc4', 'e445a9d42bda4bce90da0d1d5876e955', 'put:/v1/delay/releaseNormalRate', TO_DATE('2019-11-12 14:04:29', 'SYYYY-MM-DD HH24:MI:SS'), NULL);
INSERT INTO "CDM"."SYS_ROLE_AUTHORITIES" VALUES ('c1333cfc543b87c31283b105234e12ba', 'e445a9d42bda4bce90da0d1d5876e955', 'post:/v1/delay/monthRangePie', TO_DATE('2019-11-12 14:06:21', 'SYYYY-MM-DD HH24:MI:SS'), NULL);
INSERT INTO "CDM"."SYS_ROLE_AUTHORITIES" VALUES ('4d46e66dd3751cd019ca3e5e583d2a04', 'e445a9d42bda4bce90da0d1d5876e955', 'post:/v1/param/menuList', TO_DATE('2019-11-19 16:39:02', 'SYYYY-MM-DD HH24:MI:SS'), NULL);
INSERT INTO "CDM"."SYS_ROLE_AUTHORITIES" VALUES ('33115aa3463a1dd13d07458b13b84945', 'e445a9d42bda4bce90da0d1d5876e955', 'get:/v1/param/all', TO_DATE('2019-11-20 10:50:36', 'SYYYY-MM-DD HH24:MI:SS'), NULL);
INSERT INTO "CDM"."SYS_ROLE_AUTHORITIES" VALUES ('514a48edcae14ef7f5c58d51521f64c9', 'e445a9d42bda4bce90da0d1d5876e955', 'post:/v1/flows/flowTopThree', TO_DATE('2019-11-27 17:01:58', 'SYYYY-MM-DD HH24:MI:SS'), NULL);
INSERT INTO "CDM"."SYS_ROLE_AUTHORITIES" VALUES ('ff3f275abfc6b74fa5cd693f0a1b9130', 'e445a9d42bda4bce90da0d1d5876e955', 'post:/v1/flows/flowTopThreeRate', TO_DATE('2019-11-27 17:15:40', 'SYYYY-MM-DD HH24:MI:SS'), NULL);
INSERT INTO "CDM"."SYS_ROLE_AUTHORITIES" VALUES ('2551ea74a8796b4391ffebd589236234', 'e445a9d42bda4bce90da0d1d5876e955', 'post:/v1/flows/delayAndFlowSplit', TO_DATE('2019-11-28 12:01:38', 'SYYYY-MM-DD HH24:MI:SS'), NULL);
INSERT INTO "CDM"."SYS_ROLE_AUTHORITIES" VALUES ('3366b7658011b17759c1128155a1f9bc', '2f87e52b712240fe94ce4730cdccc13b', 'post:/v1/delay/monthRangePie', TO_DATE('2019-12-10 13:25:41', 'SYYYY-MM-DD HH24:MI:SS'), NULL);
INSERT INTO "CDM"."SYS_ROLE_AUTHORITIES" VALUES ('3254ab41c0263967ce527b50c6df1974', 'e445a9d42bda4bce90da0d1d5876e955', 'post:/v1/flows/names', TO_DATE('2019-11-28 15:28:09', 'SYYYY-MM-DD HH24:MI:SS'), NULL);
INSERT INTO "CDM"."SYS_ROLE_AUTHORITIES" VALUES ('1d3e31dfe724d53954dfb44378106556', '2f87e52b712240fe94ce4730cdccc13b', 'post:/v1/delay/pieAndColumn', TO_DATE('2019-12-10 13:25:41', 'SYYYY-MM-DD HH24:MI:SS'), NULL);
INSERT INTO "CDM"."SYS_ROLE_AUTHORITIES" VALUES ('544ca67b478d6abfcf615ca0764390cd', '2f87e52b712240fe94ce4730cdccc13b', 'post:/v1/delay/quantityTrend', TO_DATE('2019-12-10 13:25:42', 'SYYYY-MM-DD HH24:MI:SS'), NULL);
INSERT INTO "CDM"."SYS_ROLE_AUTHORITIES" VALUES ('3639cfe2252d0754e954196413c8cd83', '2f87e52b712240fe94ce4730cdccc13b', 'get:/v1/delay/releaseNormalRate', TO_DATE('2019-12-10 13:25:44', 'SYYYY-MM-DD HH24:MI:SS'), NULL);
INSERT INTO "CDM"."SYS_ROLE_AUTHORITIES" VALUES ('bf6e9ccc1e75449e5874fef06bde0efa', '2f87e52b712240fe94ce4730cdccc13b', 'post:/v1/delay/releaseNormalRate', TO_DATE('2019-12-10 13:25:46', 'SYYYY-MM-DD HH24:MI:SS'), NULL);
INSERT INTO "CDM"."SYS_ROLE_AUTHORITIES" VALUES ('7ffc7afeec0605608e834f41b0022434', '2f87e52b712240fe94ce4730cdccc13b', 'put:/v1/delay/releaseNormalRate', TO_DATE('2019-12-10 13:25:46', 'SYYYY-MM-DD HH24:MI:SS'), NULL);
INSERT INTO "CDM"."SYS_ROLE_AUTHORITIES" VALUES ('dbe540f65cca10d2e7a96c8b80f8d540', '2f87e52b712240fe94ce4730cdccc13b', 'post:/v1/delay/timeRangeDetails', TO_DATE('2019-12-10 13:25:47', 'SYYYY-MM-DD HH24:MI:SS'), NULL);
INSERT INTO "CDM"."SYS_ROLE_AUTHORITIES" VALUES ('5926cdcc83e314f1af0f7b679d7a3ac3', '2f87e52b712240fe94ce4730cdccc13b', 'post:/v1/delay/timeTrend', TO_DATE('2019-12-10 13:25:48', 'SYYYY-MM-DD HH24:MI:SS'), NULL);
INSERT INTO "CDM"."SYS_ROLE_AUTHORITIES" VALUES ('2c0c50c2c12a07971242555c484515da', '2f87e52b712240fe94ce4730cdccc13b', 'post:/v1/file/upload', TO_DATE('2019-12-10 13:25:56', 'SYYYY-MM-DD HH24:MI:SS'), NULL);
INSERT INTO "CDM"."SYS_ROLE_AUTHORITIES" VALUES ('0344387f6049ba78aa2f44b585a76781', '2f87e52b712240fe94ce4730cdccc13b', 'get:/v1/file/{y}/{m}/{d}/{file}', TO_DATE('2019-12-10 13:25:57', 'SYYYY-MM-DD HH24:MI:SS'), NULL);
INSERT INTO "CDM"."SYS_ROLE_AUTHORITIES" VALUES ('58a6646211b7d3ffafea8e84ae140a34', '2f87e52b712240fe94ce4730cdccc13b', 'get:/v1/flightInfo', TO_DATE('2019-12-10 13:25:58', 'SYYYY-MM-DD HH24:MI:SS'), NULL);
INSERT INTO "CDM"."SYS_ROLE_AUTHORITIES" VALUES ('2338529feabe490a0e00a9080f04de72', '2f87e52b712240fe94ce4730cdccc13b', 'post:/v1/flows/delayAndFlowGroup', TO_DATE('2019-12-10 13:26:00', 'SYYYY-MM-DD HH24:MI:SS'), NULL);
INSERT INTO "CDM"."SYS_ROLE_AUTHORITIES" VALUES ('9a3ecd1dcc74a77ab9c20065607ed3d0', '2f87e52b712240fe94ce4730cdccc13b', 'post:/v1/flows/delayAndFlowSplit', TO_DATE('2019-12-10 13:26:01', 'SYYYY-MM-DD HH24:MI:SS'), NULL);
INSERT INTO "CDM"."SYS_ROLE_AUTHORITIES" VALUES ('231a82c7e45bc98e964a2744cbec3406', '2f87e52b712240fe94ce4730cdccc13b', 'post:/v1/flows/delayAndFlowTotal', TO_DATE('2019-12-10 13:26:01', 'SYYYY-MM-DD HH24:MI:SS'), NULL);
INSERT INTO "CDM"."SYS_ROLE_AUTHORITIES" VALUES ('2df46226ac05339f17b21ab490579ecd', '2f87e52b712240fe94ce4730cdccc13b', 'post:/v1/flows/delayForFlowRate', TO_DATE('2019-12-10 13:26:02', 'SYYYY-MM-DD HH24:MI:SS'), NULL);
INSERT INTO "CDM"."SYS_ROLE_AUTHORITIES" VALUES ('3b9dc0d38fe3dcb80164c4556f757ba9', '2f87e52b712240fe94ce4730cdccc13b', 'post:/v1/flows/flowTopThree', TO_DATE('2019-12-10 13:26:03', 'SYYYY-MM-DD HH24:MI:SS'), NULL);
INSERT INTO "CDM"."SYS_ROLE_AUTHORITIES" VALUES ('2e1a93d9f14012fbbe601147fe14c0ff', 'e445a9d42bda4bce90da0d1d5876e955', 'post:/v1/delay/drillPie', TO_DATE('2019-10-17 13:30:50', 'SYYYY-MM-DD HH24:MI:SS'), NULL);
INSERT INTO "CDM"."SYS_ROLE_AUTHORITIES" VALUES ('3693b144aade104cf8b35b64015076e7', 'e445a9d42bda4bce90da0d1d5876e955', 'get:/v1/delay/releaseNormalRate', TO_DATE('2019-11-07 15:18:37', 'SYYYY-MM-DD HH24:MI:SS'), NULL);
INSERT INTO "CDM"."SYS_ROLE_AUTHORITIES" VALUES ('9772e586f9ddaa4cf280566bd7a3f3e6', 'e445a9d42bda4bce90da0d1d5876e955', 'post:/v1/delay/timeRangeDetails', TO_DATE('2019-10-17 13:30:55', 'SYYYY-MM-DD HH24:MI:SS'), NULL);
INSERT INTO "CDM"."SYS_ROLE_AUTHORITIES" VALUES ('3c6d86734d820e0c302b6583bdc917c9', 'e445a9d42bda4bce90da0d1d5876e955', 'post:/v1/delay/typeDetails', TO_DATE('2019-10-17 13:30:56', 'SYYYY-MM-DD HH24:MI:SS'), NULL);
INSERT INTO "CDM"."SYS_ROLE_AUTHORITIES" VALUES ('beaf8c6b15b703b658fc975e2f054d52', 'e445a9d42bda4bce90da0d1d5876e955', 'post:/v1/delay/typeDrillDetails', TO_DATE('2019-10-17 13:30:57', 'SYYYY-MM-DD HH24:MI:SS'), NULL);
INSERT INTO "CDM"."SYS_ROLE_AUTHORITIES" VALUES ('09f2b7fe8facc65fe617f2ab73c95be4', 'e445a9d42bda4bce90da0d1d5876e955', 'post:/v1/delay/pieAndColumn', TO_DATE('2019-10-24 11:16:06', 'SYYYY-MM-DD HH24:MI:SS'), NULL);
INSERT INTO "CDM"."SYS_ROLE_AUTHORITIES" VALUES ('42b01dd66ed84e6eb7e2d458b904dd94', '2f87e52b712240fe94ce4730cdccc13b', 'post:/v1/flows/uploadOrigExcel', TO_DATE('2019-12-10 13:26:08', 'SYYYY-MM-DD HH24:MI:SS'), NULL);
INSERT INTO "CDM"."SYS_ROLE_AUTHORITIES" VALUES ('3343605ac3ab0d1d302b07be3d9dcc70', 'e445a9d42bda4bce90da0d1d5876e955', 'post:/v1/delay/releaseNormalRate', TO_DATE('2019-11-07 15:18:36', 'SYYYY-MM-DD HH24:MI:SS'), NULL);
INSERT INTO "CDM"."SYS_ROLE_AUTHORITIES" VALUES ('85552610c2a185b7d1fe456fbed08837', 'e445a9d42bda4bce90da0d1d5876e955', 'post:/v1/delay/yearMonthRate', TO_DATE('2019-11-07 15:18:40', 'SYYYY-MM-DD HH24:MI:SS'), NULL);
INSERT INTO "CDM"."SYS_ROLE_AUTHORITIES" VALUES ('c664a7c345b4537f5567418f35417ff0', 'e445a9d42bda4bce90da0d1d5876e955', 'post:/v1/delay/yearQuaterRate', TO_DATE('2019-11-07 15:18:42', 'SYYYY-MM-DD HH24:MI:SS'), NULL);
INSERT INTO "CDM"."SYS_ROLE_AUTHORITIES" VALUES ('2fd9a35b4fdc8dd0fb4af961ddca6efb', '2f87e52b712240fe94ce4730cdccc13b', 'post:/v1/flows/uploadOrigExcels', TO_DATE('2019-12-10 13:26:09', 'SYYYY-MM-DD HH24:MI:SS'), NULL);
INSERT INTO "CDM"."SYS_ROLE_AUTHORITIES" VALUES ('0e6b8419635c2d3abc60eaf1d4587876', '2f87e52b712240fe94ce4730cdccc13b', 'get:/v1/param/all', TO_DATE('2019-12-10 13:26:49', 'SYYYY-MM-DD HH24:MI:SS'), NULL);
INSERT INTO "CDM"."SYS_ROLE_AUTHORITIES" VALUES ('2557dcd3af417de17e4f632d8ad4be80', '2f87e52b712240fe94ce4730cdccc13b', 'delete:/v1/param/deleteMenuList/{id}', TO_DATE('2019-12-10 13:26:50', 'SYYYY-MM-DD HH24:MI:SS'), NULL);
INSERT INTO "CDM"."SYS_ROLE_AUTHORITIES" VALUES ('a4ca5c7f187f2ed7a94b1c8344eb2249', '2f87e52b712240fe94ce4730cdccc13b', 'get:/v1/param/flows', TO_DATE('2019-12-10 13:26:51', 'SYYYY-MM-DD HH24:MI:SS'), NULL);
INSERT INTO "CDM"."SYS_ROLE_AUTHORITIES" VALUES ('4536927179d6264642f582eda6a38acc', 'e445a9d42bda4bce90da0d1d5876e955', 'post:/v1/user/psw', TO_DATE('2019-11-07 15:18:53', 'SYYYY-MM-DD HH24:MI:SS'), NULL);
INSERT INTO "CDM"."SYS_ROLE_AUTHORITIES" VALUES ('faa33f90843af2ac67c9ed5a340ac6a2', '2f87e52b712240fe94ce4730cdccc13b', 'get:/v1/param/menuDisplay', TO_DATE('2019-12-10 13:26:51', 'SYYYY-MM-DD HH24:MI:SS'), NULL);
INSERT INTO "CDM"."SYS_ROLE_AUTHORITIES" VALUES ('435b06606ff3e5fc5a56dac00abebd21', '2f87e52b712240fe94ce4730cdccc13b', 'get:/v1/param/menuList', TO_DATE('2019-12-10 13:26:53', 'SYYYY-MM-DD HH24:MI:SS'), NULL);
INSERT INTO "CDM"."SYS_ROLE_AUTHORITIES" VALUES ('83074f6657602dbcc8d27753104a2b83', '2f87e52b712240fe94ce4730cdccc13b', 'post:/v1/param/menuList', TO_DATE('2019-12-10 13:26:54', 'SYYYY-MM-DD HH24:MI:SS'), NULL);
INSERT INTO "CDM"."SYS_ROLE_AUTHORITIES" VALUES ('d1841bd0fb8649f52b6668abf227ceea', 'e445a9d42bda4bce90da0d1d5876e955', 'post:/v1/delay/yearReleaseNormalRate', TO_DATE('2019-11-14 09:52:18', 'SYYYY-MM-DD HH24:MI:SS'), NULL);
INSERT INTO "CDM"."SYS_ROLE_AUTHORITIES" VALUES ('ccc87c1341770233d01421d4b12b8a9d', '2f87e52b712240fe94ce4730cdccc13b', 'put:/v1/param/menuList', TO_DATE('2019-12-10 13:26:55', 'SYYYY-MM-DD HH24:MI:SS'), NULL);
INSERT INTO "CDM"."SYS_ROLE_AUTHORITIES" VALUES ('c3020cf021c750118f1f8173fc172446', '2f87e52b712240fe94ce4730cdccc13b', 'post:/v1/system/watch', TO_DATE('2019-12-10 13:27:00', 'SYYYY-MM-DD HH24:MI:SS'), NULL);
INSERT INTO "CDM"."SYS_ROLE_AUTHORITIES" VALUES ('8b68761927ea736aa02ff7d7902dc5f9', '2f87e52b712240fe94ce4730cdccc13b', 'post:/v1/flows/flowTopThreeRate', TO_DATE('2019-12-10 13:26:04', 'SYYYY-MM-DD HH24:MI:SS'), NULL);
INSERT INTO "CDM"."SYS_ROLE_AUTHORITIES" VALUES ('5552b1cc90fe652bfa367fc4353428b0', '2f87e52b712240fe94ce4730cdccc13b', 'post:/v1/flows/names', TO_DATE('2019-12-10 13:26:04', 'SYYYY-MM-DD HH24:MI:SS'), NULL);
INSERT INTO "CDM"."SYS_ROLE_AUTHORITIES" VALUES ('d2f0e5a4ad96be5d40d8aa47df20974c', '2f87e52b712240fe94ce4730cdccc13b', 'get:/v1/user/info', TO_DATE('2019-12-10 13:27:04', 'SYYYY-MM-DD HH24:MI:SS'), NULL);
INSERT INTO "CDM"."SYS_ROLE_AUTHORITIES" VALUES ('5d97a892df79c938677e77c779ceab4f', '2f87e52b712240fe94ce4730cdccc13b', 'get:/v1/user/menu', TO_DATE('2019-12-10 13:27:04', 'SYYYY-MM-DD HH24:MI:SS'), NULL);
INSERT INTO "CDM"."SYS_ROLE_AUTHORITIES" VALUES ('6ce52be06dd5eb86869a637416a776ff', '2f87e52b712240fe94ce4730cdccc13b', 'post:/v1/user/psw', TO_DATE('2019-12-10 13:27:06', 'SYYYY-MM-DD HH24:MI:SS'), NULL);
INSERT INTO "CDM"."SYS_ROLE_AUTHORITIES" VALUES ('b7993fe26f237ff30f4e017b64c2b6ff', '58389fae8e4c20eafdb88726c13a53db', 'get:/v1/authorities', TO_DATE('2019-08-15 12:23:09', 'SYYYY-MM-DD HH24:MI:SS'), NULL);
INSERT INTO "CDM"."SYS_ROLE_AUTHORITIES" VALUES ('e0807da6088ae980d5d019e7d41e1133', '58389fae8e4c20eafdb88726c13a53db', 'post:/v1/authorities/role', TO_DATE('2019-08-15 12:23:10', 'SYYYY-MM-DD HH24:MI:SS'), NULL);
INSERT INTO "CDM"."SYS_ROLE_AUTHORITIES" VALUES ('626ac742b970acfd4a9f70d0f453ddeb', '58389fae8e4c20eafdb88726c13a53db', 'delete:/v1/authorities/role', TO_DATE('2019-08-15 12:23:11', 'SYYYY-MM-DD HH24:MI:SS'), NULL);
INSERT INTO "CDM"."SYS_ROLE_AUTHORITIES" VALUES ('65f1b0f79402931c1b38f4cecb57045b', 'e445a9d42bda4bce90da0d1d5876e955', 'get:/v1/menu/all', TO_DATE('2019-11-06 17:28:13', 'SYYYY-MM-DD HH24:MI:SS'), NULL);
INSERT INTO "CDM"."SYS_ROLE_AUTHORITIES" VALUES ('8a0da5bca6fd83bae82b974f965e2a50', 'e445a9d42bda4bce90da0d1d5876e955', 'get:/v1/param/flows', TO_DATE('2019-11-15 13:45:23', 'SYYYY-MM-DD HH24:MI:SS'), NULL);
INSERT INTO "CDM"."SYS_ROLE_AUTHORITIES" VALUES ('86f8c5ba0b9feaa4f673c1d62bef72cb', 'e445a9d42bda4bce90da0d1d5876e955', 'post:/v1/flows/delayAndFlowGroup', TO_DATE('2019-11-27 15:44:53', 'SYYYY-MM-DD HH24:MI:SS'), NULL);
INSERT INTO "CDM"."SYS_ROLE_AUTHORITIES" VALUES ('365d1292ed330725388976cef00ca083', 'e445a9d42bda4bce90da0d1d5876e955', 'post:/v1/flows/delayAndFlowTotal', TO_DATE('2019-11-27 15:44:54', 'SYYYY-MM-DD HH24:MI:SS'), NULL);
INSERT INTO "CDM"."SYS_ROLE_AUTHORITIES" VALUES ('92efdc8bc910a02aff3e92f5ec6d7284', 'e445a9d42bda4bce90da0d1d5876e955', 'post:/v1/flows/delayForFlowRate', TO_DATE('2019-11-27 15:44:55', 'SYYYY-MM-DD HH24:MI:SS'), NULL);
INSERT INTO "CDM"."SYS_ROLE_AUTHORITIES" VALUES ('e73258fbb0f65adbba105fa97cb1d405', 'e445a9d42bda4bce90da0d1d5876e955', 'post:/v1/case/planAndRealFlow', TO_DATE('2019-12-05 14:11:03', 'SYYYY-MM-DD HH24:MI:SS'), NULL);
INSERT INTO "CDM"."SYS_ROLE_AUTHORITIES" VALUES ('d21f4d9ee176616f909d7bc798fec1bf', 'e445a9d42bda4bce90da0d1d5876e955', 'post:/v1/case/names', TO_DATE('2019-12-05 14:11:02', 'SYYYY-MM-DD HH24:MI:SS'), NULL);
INSERT INTO "CDM"."SYS_ROLE_AUTHORITIES" VALUES ('eb318a591a12b99dec98d989e322ae5b', 'e445a9d42bda4bce90da0d1d5876e955', 'post:/v1/case/planAndRealChart', TO_DATE('2019-12-05 14:11:03', 'SYYYY-MM-DD HH24:MI:SS'), NULL);
INSERT INTO "CDM"."SYS_ROLE_AUTHORITIES" VALUES ('af27fee7faa48818c489f9890d91cff3', 'e445a9d42bda4bce90da0d1d5876e955', 'post:/v1/case/uploadOrigExcel', TO_DATE('2019-12-05 14:11:04', 'SYYYY-MM-DD HH24:MI:SS'), NULL);
INSERT INTO "CDM"."SYS_ROLE_AUTHORITIES" VALUES ('026ead9b94aaa1b7f8b2495f719ac52e', 'e445a9d42bda4bce90da0d1d5876e955', 'post:/v1/delay/customTimeRangeDetails', TO_DATE('2019-12-05 14:11:09', 'SYYYY-MM-DD HH24:MI:SS'), NULL);
INSERT INTO "CDM"."SYS_ROLE_AUTHORITIES" VALUES ('5cb000d78db380994b083cc94762ff83', 'e445a9d42bda4bce90da0d1d5876e955', 'delete:/v1/file/del', TO_DATE('2019-12-06 16:26:19', 'SYYYY-MM-DD HH24:MI:SS'), NULL);
INSERT INTO "CDM"."SYS_ROLE_AUTHORITIES" VALUES ('7576c2ac205c2e548584bc3ff7cab040', 'e445a9d42bda4bce90da0d1d5876e955', 'get:/v1/file/download/{y}/{m}/{d}/{file}', TO_DATE('2019-12-06 16:26:21', 'SYYYY-MM-DD HH24:MI:SS'), NULL);
INSERT INTO "CDM"."SYS_ROLE_AUTHORITIES" VALUES ('178457b7ee77e9e655adefaa7250dc2b', 'e445a9d42bda4bce90da0d1d5876e955', 'get:/v1/file/list', TO_DATE('2019-12-06 16:26:23', 'SYYYY-MM-DD HH24:MI:SS'), NULL);
INSERT INTO "CDM"."SYS_ROLE_AUTHORITIES" VALUES ('d95b603062eaeff842fb39302e88216c', 'e445a9d42bda4bce90da0d1d5876e955', 'get:/v1/file/listAll', TO_DATE('2019-12-06 16:26:24', 'SYYYY-MM-DD HH24:MI:SS'), NULL);
INSERT INTO "CDM"."SYS_ROLE_AUTHORITIES" VALUES ('6dc4f73a9bd27cc7e6c33fe867880666', 'e445a9d42bda4bce90da0d1d5876e955', 'get:/v1/file/sm/{y}/{m}/{d}/{file}', TO_DATE('2019-12-06 16:26:26', 'SYYYY-MM-DD HH24:MI:SS'), NULL);
INSERT INTO "CDM"."SYS_ROLE_AUTHORITIES" VALUES ('959a05f5504706856d91a76eed1c08d2', 'e445a9d42bda4bce90da0d1d5876e955', 'post:/v1/file/upload', TO_DATE('2019-12-06 16:26:31', 'SYYYY-MM-DD HH24:MI:SS'), NULL);
INSERT INTO "CDM"."SYS_ROLE_AUTHORITIES" VALUES ('3babc3c6b4258ce1223abddb550d234c', 'e445a9d42bda4bce90da0d1d5876e955', 'get:/v1/file/{y}/{m}/{d}/{file}', TO_DATE('2019-12-06 16:26:34', 'SYYYY-MM-DD HH24:MI:SS'), NULL);
INSERT INTO "CDM"."SYS_ROLE_AUTHORITIES" VALUES ('a9ce354ae397fbc9c2e244a96aa121e0', 'e445a9d42bda4bce90da0d1d5876e955', 'post:/v1/system/watch', TO_DATE('2019-12-10 12:40:13', 'SYYYY-MM-DD HH24:MI:SS'), NULL);
COMMIT;

-- ----------------------------
-- Table structure for SYS_USER
-- ----------------------------
DROP TABLE "CDM"."SYS_USER";
CREATE TABLE "CDM"."SYS_USER" (
  "USER_ID" NVARCHAR2(36) DEFAULT sys_guid()   NOT NULL ,
  "USERNAME" NVARCHAR2(36) NOT NULL ,
  "PASSWORD" NVARCHAR2(128) NOT NULL ,
  "NICK_NAME" NVARCHAR2(20) NOT NULL ,
  "AVATAR" NVARCHAR2(256) ,
  "SEX" NVARCHAR2(1) NOT NULL ,
  "PHONE" NVARCHAR2(12) ,
  "EMAIL" NVARCHAR2(256) ,
  "EMAIL_VERIFIED" NUMBER(11) ,
  "TRUE_NAME" NVARCHAR2(20) ,
  "ID_CARD" NVARCHAR2(20) ,
  "BIRTHDAY" DATE ,
  "DEPARTMENT_ID" NUMBER(11) ,
  "STATE" NUMBER(11) NOT NULL ,
  "CREATE_TIME" DATE NOT NULL ,
  "UPDATE_TIME" DATE NOT NULL 
)
TABLESPACE "USERS"
LOGGING
NOCOMPRESS
PCTFREE 10
INITRANS 1
STORAGE (
  INITIAL 65536 
  NEXT 1048576 
  MINEXTENTS 1
  MAXEXTENTS 2147483645
  BUFFER_POOL DEFAULT
)
PARALLEL 1
NOCACHE
DISABLE ROW MOVEMENT
;
COMMENT ON COLUMN "CDM"."SYS_USER"."USER_ID" IS '用户id';
COMMENT ON COLUMN "CDM"."SYS_USER"."USERNAME" IS '账号';
COMMENT ON COLUMN "CDM"."SYS_USER"."PASSWORD" IS '密码';
COMMENT ON COLUMN "CDM"."SYS_USER"."NICK_NAME" IS '昵称';
COMMENT ON COLUMN "CDM"."SYS_USER"."AVATAR" IS '头像';
COMMENT ON COLUMN "CDM"."SYS_USER"."SEX" IS '性别';
COMMENT ON COLUMN "CDM"."SYS_USER"."PHONE" IS '手机号';
COMMENT ON COLUMN "CDM"."SYS_USER"."EMAIL" IS '邮箱';
COMMENT ON COLUMN "CDM"."SYS_USER"."EMAIL_VERIFIED" IS '邮箱是否验证，0未验证，1已验证';
COMMENT ON COLUMN "CDM"."SYS_USER"."TRUE_NAME" IS '真实姓名';
COMMENT ON COLUMN "CDM"."SYS_USER"."ID_CARD" IS '身份证号';
COMMENT ON COLUMN "CDM"."SYS_USER"."BIRTHDAY" IS '出生日期';
COMMENT ON COLUMN "CDM"."SYS_USER"."DEPARTMENT_ID" IS '部门id';
COMMENT ON COLUMN "CDM"."SYS_USER"."STATE" IS '状态，0正常，1冻结';
COMMENT ON COLUMN "CDM"."SYS_USER"."CREATE_TIME" IS '注册时间';
COMMENT ON COLUMN "CDM"."SYS_USER"."UPDATE_TIME" IS '修改时间';
COMMENT ON TABLE "CDM"."SYS_USER" IS '用户';

-- ----------------------------
-- Records of SYS_USER
-- ----------------------------
INSERT INTO "CDM"."SYS_USER" VALUES ('cd20132832c8650ab567554778ea76e1', 'cdm', '$2a$10$t3GAyQG.LTdCYV7iLUxpPulv6OQZ6B8rHvynPRx1pu0yW8xziyfdq', 'cdm', NULL, '男', '13945789898', NULL, NULL, NULL, NULL, NULL, NULL, '0', TO_DATE('2019-12-10 13:25:11', 'SYYYY-MM-DD HH24:MI:SS'), TO_DATE('2019-12-10 17:20:26', 'SYYYY-MM-DD HH24:MI:SS'));
INSERT INTO "CDM"."SYS_USER" VALUES ('907023f99ff04ba9b4074fb9d492676c', 'admin', '$2a$10$6S.mGFP0tUdPmceqXutocOuNnRTlCjHeECWnqamaRaghIKtYBgqeG', '管理员', NULL, '男', '12345678901', NULL, '0', NULL, NULL, NULL, NULL, '0', TO_DATE('2018-12-19 23:30:05', 'SYYYY-MM-DD HH24:MI:SS'), TO_DATE('2019-11-12 17:32:50', 'SYYYY-MM-DD HH24:MI:SS'));
COMMIT;

-- ----------------------------
-- Table structure for SYS_USER_ROLE
-- ----------------------------
DROP TABLE "CDM"."SYS_USER_ROLE";
CREATE TABLE "CDM"."SYS_USER_ROLE" (
  "ID" NVARCHAR2(36) NOT NULL ,
  "USER_ID" NVARCHAR2(36) NOT NULL ,
  "ROLE_ID" NVARCHAR2(36) NOT NULL ,
  "CREATE_TIME" DATE ,
  "UPDATE_TIME" DATE 
)
TABLESPACE "USERS"
LOGGING
NOCOMPRESS
PCTFREE 10
INITRANS 1
STORAGE (
  INITIAL 65536 
  NEXT 1048576 
  MINEXTENTS 1
  MAXEXTENTS 2147483645
  BUFFER_POOL DEFAULT
)
PARALLEL 1
NOCACHE
DISABLE ROW MOVEMENT
;
COMMENT ON COLUMN "CDM"."SYS_USER_ROLE"."USER_ID" IS '用户id';
COMMENT ON COLUMN "CDM"."SYS_USER_ROLE"."ROLE_ID" IS '角色id';
COMMENT ON COLUMN "CDM"."SYS_USER_ROLE"."CREATE_TIME" IS '创建时间';
COMMENT ON TABLE "CDM"."SYS_USER_ROLE" IS '用户角色';

-- ----------------------------
-- Records of SYS_USER_ROLE
-- ----------------------------
INSERT INTO "CDM"."SYS_USER_ROLE" VALUES ('007DF6AF7CCC4D7CB00CF5E5ED061699', 'cd20132832c8650ab567554778ea76e1', '2f87e52b712240fe94ce4730cdccc13b', TO_DATE('2019-12-10 13:25:11', 'SYYYY-MM-DD HH24:MI:SS'), NULL);
INSERT INTO "CDM"."SYS_USER_ROLE" VALUES ('fb2ad6f9c89a485883680a3a0f5d8380', '907023f99ff04ba9b4074fb9d492676c', 'e445a9d42bda4bce90da0d1d5876e955', TO_DATE('2018-12-19 23:30:06', 'SYYYY-MM-DD HH24:MI:SS'), NULL);
COMMIT;

-- ----------------------------
-- Primary Key structure for table FLIGHT_ALLOW_RATE
-- ----------------------------
ALTER TABLE "CDM"."FLIGHT_ALLOW_RATE" ADD CONSTRAINT "SYS_C0013486" PRIMARY KEY ("ID");

-- ----------------------------
-- Checks structure for table FLIGHT_ALLOW_RATE
-- ----------------------------
ALTER TABLE "CDM"."FLIGHT_ALLOW_RATE" ADD CONSTRAINT "SYS_C0013485" CHECK ("ID" IS NOT NULL) NOT DEFERRABLE INITIALLY IMMEDIATE NORELY VALIDATE;
ALTER TABLE "CDM"."FLIGHT_ALLOW_RATE" ADD CONSTRAINT "SYS_C0015830" CHECK ("ID" IS NOT NULL) NOT DEFERRABLE INITIALLY IMMEDIATE NORELY VALIDATE;

-- ----------------------------
-- Primary Key structure for table FLIGHT_CASE_EXCEL_ORIG
-- ----------------------------
ALTER TABLE "CDM"."FLIGHT_CASE_EXCEL_ORIG" ADD CONSTRAINT "SYS_C0015212" PRIMARY KEY ("ID");

-- ----------------------------
-- Checks structure for table FLIGHT_CASE_EXCEL_ORIG
-- ----------------------------
ALTER TABLE "CDM"."FLIGHT_CASE_EXCEL_ORIG" ADD CONSTRAINT "SYS_C0015209" CHECK ("ID" IS NOT NULL) NOT DEFERRABLE INITIALLY IMMEDIATE NORELY VALIDATE;
ALTER TABLE "CDM"."FLIGHT_CASE_EXCEL_ORIG" ADD CONSTRAINT "SYS_C0015210" CHECK ("ID" IS NOT NULL) NOT DEFERRABLE INITIALLY IMMEDIATE NORELY VALIDATE;
ALTER TABLE "CDM"."FLIGHT_CASE_EXCEL_ORIG" ADD CONSTRAINT "SYS_C0015211" CHECK ("ID" IS NOT NULL) NOT DEFERRABLE INITIALLY IMMEDIATE NORELY VALIDATE;
ALTER TABLE "CDM"."FLIGHT_CASE_EXCEL_ORIG" ADD CONSTRAINT "SYS_C0015831" CHECK ("ID" IS NOT NULL) NOT DEFERRABLE INITIALLY IMMEDIATE NORELY VALIDATE;

-- ----------------------------
-- Primary Key structure for table FLIGHT_DELAY_COUNT
-- ----------------------------
ALTER TABLE "CDM"."FLIGHT_DELAY_COUNT" ADD CONSTRAINT "SYS_C0011366" PRIMARY KEY ("ID");

-- ----------------------------
-- Checks structure for table FLIGHT_DELAY_COUNT
-- ----------------------------
ALTER TABLE "CDM"."FLIGHT_DELAY_COUNT" ADD CONSTRAINT "SYS_C0011365" CHECK ("ID" IS NOT NULL) NOT DEFERRABLE INITIALLY IMMEDIATE NORELY VALIDATE;
ALTER TABLE "CDM"."FLIGHT_DELAY_COUNT" ADD CONSTRAINT "SYS_C0015832" CHECK ("ID" IS NOT NULL) NOT DEFERRABLE INITIALLY IMMEDIATE NORELY VALIDATE;

-- ----------------------------
-- Checks structure for table FLIGHT_DELAY_EXCEL_COUNT
-- ----------------------------
ALTER TABLE "CDM"."FLIGHT_DELAY_EXCEL_COUNT" ADD CONSTRAINT "SYS_C0015833" CHECK ("ID" IS NOT NULL) NOT DEFERRABLE INITIALLY IMMEDIATE NORELY VALIDATE;

-- ----------------------------
-- Checks structure for table FLIGHT_FLOW_EXCEL_COUNT
-- ----------------------------
ALTER TABLE "CDM"."FLIGHT_FLOW_EXCEL_COUNT" ADD CONSTRAINT "SYS_C0015834" CHECK ("ID" IS NOT NULL) NOT DEFERRABLE INITIALLY IMMEDIATE NORELY VALIDATE;

-- ----------------------------
-- Checks structure for table FLIGHT_FLOW_EXCEL_ORIG
-- ----------------------------
ALTER TABLE "CDM"."FLIGHT_FLOW_EXCEL_ORIG" ADD CONSTRAINT "SYS_C0015835" CHECK ("ID" IS NOT NULL) NOT DEFERRABLE INITIALLY IMMEDIATE NORELY VALIDATE;

-- ----------------------------
-- Checks structure for table FLIGHT_GLOBAL_DICT
-- ----------------------------
ALTER TABLE "CDM"."FLIGHT_GLOBAL_DICT" ADD CONSTRAINT "SYS_C0015836" CHECK ("ID" IS NOT NULL) NOT DEFERRABLE INITIALLY IMMEDIATE NORELY VALIDATE;

-- ----------------------------
-- Checks structure for table FLIGHT_NORMAL_RATE
-- ----------------------------
ALTER TABLE "CDM"."FLIGHT_NORMAL_RATE" ADD CONSTRAINT "SYS_C0015837" CHECK ("ID" IS NOT NULL) NOT DEFERRABLE INITIALLY IMMEDIATE NORELY VALIDATE;

-- ----------------------------
-- Checks structure for table FLIGHT_STATICES_VIEW
-- ----------------------------
ALTER TABLE "CDM"."FLIGHT_STATICES_VIEW" ADD CONSTRAINT "SYS_C0015838" CHECK ("UUID" IS NOT NULL) NOT DEFERRABLE INITIALLY IMMEDIATE NORELY VALIDATE;

-- ----------------------------
-- Checks structure for table OAUTH_ACCESS_TOKEN
-- ----------------------------
ALTER TABLE "CDM"."OAUTH_ACCESS_TOKEN" ADD CONSTRAINT "SYS_C0015839" CHECK ("AUTHENTICATION_ID" IS NOT NULL) NOT DEFERRABLE INITIALLY IMMEDIATE NORELY VALIDATE;

-- ----------------------------
-- Checks structure for table OAUTH_APPROVALS
-- ----------------------------
ALTER TABLE "CDM"."OAUTH_APPROVALS" ADD CONSTRAINT "SYS_C0015840" CHECK ("EXPIRESAT" IS NOT NULL) NOT DEFERRABLE INITIALLY IMMEDIATE NORELY VALIDATE;
ALTER TABLE "CDM"."OAUTH_APPROVALS" ADD CONSTRAINT "SYS_C0015841" CHECK ("LASTMODIFIEDAT" IS NOT NULL) NOT DEFERRABLE INITIALLY IMMEDIATE NORELY VALIDATE;

-- ----------------------------
-- Checks structure for table OAUTH_CLIENT_DETAILS
-- ----------------------------
ALTER TABLE "CDM"."OAUTH_CLIENT_DETAILS" ADD CONSTRAINT "SYS_C0015842" CHECK ("CLIENT_ID" IS NOT NULL) NOT DEFERRABLE INITIALLY IMMEDIATE NORELY VALIDATE;

-- ----------------------------
-- Checks structure for table OAUTH_CLIENT_TOKEN
-- ----------------------------
ALTER TABLE "CDM"."OAUTH_CLIENT_TOKEN" ADD CONSTRAINT "SYS_C0015843" CHECK ("AUTHENTICATION_ID" IS NOT NULL) NOT DEFERRABLE INITIALLY IMMEDIATE NORELY VALIDATE;

-- ----------------------------
-- Checks structure for table SYS_AUTHORITIES
-- ----------------------------
ALTER TABLE "CDM"."SYS_AUTHORITIES" ADD CONSTRAINT "SYS_C0015844" CHECK ("AUTHORITY" IS NOT NULL) NOT DEFERRABLE INITIALLY IMMEDIATE NORELY VALIDATE;
ALTER TABLE "CDM"."SYS_AUTHORITIES" ADD CONSTRAINT "SYS_C0015845" CHECK ("AUTHORITY_NAME" IS NOT NULL) NOT DEFERRABLE INITIALLY IMMEDIATE NORELY VALIDATE;
ALTER TABLE "CDM"."SYS_AUTHORITIES" ADD CONSTRAINT "SYS_C0015846" CHECK ("SORT" IS NOT NULL) NOT DEFERRABLE INITIALLY IMMEDIATE NORELY VALIDATE;
ALTER TABLE "CDM"."SYS_AUTHORITIES" ADD CONSTRAINT "SYS_C0015847" CHECK ("CREATE_TIME" IS NOT NULL) NOT DEFERRABLE INITIALLY IMMEDIATE NORELY VALIDATE;

-- ----------------------------
-- Checks structure for table SYS_MENU
-- ----------------------------
ALTER TABLE "CDM"."SYS_MENU" ADD CONSTRAINT "SYS_C0015848" CHECK ("MENU_ID" IS NOT NULL) NOT DEFERRABLE INITIALLY IMMEDIATE NORELY VALIDATE;
ALTER TABLE "CDM"."SYS_MENU" ADD CONSTRAINT "SYS_C0015849" CHECK ("MENU_NAME" IS NOT NULL) NOT DEFERRABLE INITIALLY IMMEDIATE NORELY VALIDATE;
ALTER TABLE "CDM"."SYS_MENU" ADD CONSTRAINT "SYS_C0015850" CHECK ("SORT_NUMBER" IS NOT NULL) NOT DEFERRABLE INITIALLY IMMEDIATE NORELY VALIDATE;
ALTER TABLE "CDM"."SYS_MENU" ADD CONSTRAINT "SYS_C0015851" CHECK ("CREATE_TIME" IS NOT NULL) NOT DEFERRABLE INITIALLY IMMEDIATE NORELY VALIDATE;
ALTER TABLE "CDM"."SYS_MENU" ADD CONSTRAINT "SYS_C0015852" CHECK ("UPDATE_TIME" IS NOT NULL) NOT DEFERRABLE INITIALLY IMMEDIATE NORELY VALIDATE;

-- ----------------------------
-- Checks structure for table SYS_ROLE
-- ----------------------------
ALTER TABLE "CDM"."SYS_ROLE" ADD CONSTRAINT "SYS_C0015853" CHECK ("ROLE_ID" IS NOT NULL) NOT DEFERRABLE INITIALLY IMMEDIATE NORELY VALIDATE;
ALTER TABLE "CDM"."SYS_ROLE" ADD CONSTRAINT "SYS_C0015854" CHECK ("ROLE_NAME" IS NOT NULL) NOT DEFERRABLE INITIALLY IMMEDIATE NORELY VALIDATE;
ALTER TABLE "CDM"."SYS_ROLE" ADD CONSTRAINT "SYS_C0015855" CHECK ("CREATE_TIME" IS NOT NULL) NOT DEFERRABLE INITIALLY IMMEDIATE NORELY VALIDATE;
ALTER TABLE "CDM"."SYS_ROLE" ADD CONSTRAINT "SYS_C0015856" CHECK ("UPDATE_TIME" IS NOT NULL) NOT DEFERRABLE INITIALLY IMMEDIATE NORELY VALIDATE;

-- ----------------------------
-- Checks structure for table SYS_ROLE_AUTHORITIES
-- ----------------------------
ALTER TABLE "CDM"."SYS_ROLE_AUTHORITIES" ADD CONSTRAINT "SYS_C0015857" CHECK ("ID" IS NOT NULL) NOT DEFERRABLE INITIALLY IMMEDIATE NORELY VALIDATE;
ALTER TABLE "CDM"."SYS_ROLE_AUTHORITIES" ADD CONSTRAINT "SYS_C0015858" CHECK ("ROLE_ID" IS NOT NULL) NOT DEFERRABLE INITIALLY IMMEDIATE NORELY VALIDATE;
ALTER TABLE "CDM"."SYS_ROLE_AUTHORITIES" ADD CONSTRAINT "SYS_C0015859" CHECK ("AUTHORITY" IS NOT NULL) NOT DEFERRABLE INITIALLY IMMEDIATE NORELY VALIDATE;

-- ----------------------------
-- Checks structure for table SYS_USER
-- ----------------------------
ALTER TABLE "CDM"."SYS_USER" ADD CONSTRAINT "SYS_C0015860" CHECK ("USER_ID" IS NOT NULL) NOT DEFERRABLE INITIALLY IMMEDIATE NORELY VALIDATE;
ALTER TABLE "CDM"."SYS_USER" ADD CONSTRAINT "SYS_C0015861" CHECK ("USERNAME" IS NOT NULL) NOT DEFERRABLE INITIALLY IMMEDIATE NORELY VALIDATE;
ALTER TABLE "CDM"."SYS_USER" ADD CONSTRAINT "SYS_C0015862" CHECK ("PASSWORD" IS NOT NULL) NOT DEFERRABLE INITIALLY IMMEDIATE NORELY VALIDATE;
ALTER TABLE "CDM"."SYS_USER" ADD CONSTRAINT "SYS_C0015863" CHECK ("NICK_NAME" IS NOT NULL) NOT DEFERRABLE INITIALLY IMMEDIATE NORELY VALIDATE;
ALTER TABLE "CDM"."SYS_USER" ADD CONSTRAINT "SYS_C0015864" CHECK ("SEX" IS NOT NULL) NOT DEFERRABLE INITIALLY IMMEDIATE NORELY VALIDATE;
ALTER TABLE "CDM"."SYS_USER" ADD CONSTRAINT "SYS_C0015865" CHECK ("STATE" IS NOT NULL) NOT DEFERRABLE INITIALLY IMMEDIATE NORELY VALIDATE;
ALTER TABLE "CDM"."SYS_USER" ADD CONSTRAINT "SYS_C0015866" CHECK ("CREATE_TIME" IS NOT NULL) NOT DEFERRABLE INITIALLY IMMEDIATE NORELY VALIDATE;
ALTER TABLE "CDM"."SYS_USER" ADD CONSTRAINT "SYS_C0015867" CHECK ("UPDATE_TIME" IS NOT NULL) NOT DEFERRABLE INITIALLY IMMEDIATE NORELY VALIDATE;

-- ----------------------------
-- Checks structure for table SYS_USER_ROLE
-- ----------------------------
ALTER TABLE "CDM"."SYS_USER_ROLE" ADD CONSTRAINT "SYS_C0015868" CHECK ("ID" IS NOT NULL) NOT DEFERRABLE INITIALLY IMMEDIATE NORELY VALIDATE;
ALTER TABLE "CDM"."SYS_USER_ROLE" ADD CONSTRAINT "SYS_C0015869" CHECK ("USER_ID" IS NOT NULL) NOT DEFERRABLE INITIALLY IMMEDIATE NORELY VALIDATE;
ALTER TABLE "CDM"."SYS_USER_ROLE" ADD CONSTRAINT "SYS_C0015870" CHECK ("ROLE_ID" IS NOT NULL) NOT DEFERRABLE INITIALLY IMMEDIATE NORELY VALIDATE;
